year,study,dataset_type,district,site,n_omission,soil_background,latitude,longitude,response_t_ha
2017,2017 core trial,Trial,Dang,Dhikpur,4.394333333333333,5.216,28.04832722333333,82.39328889,-0.8216666666666672
2017,2017 core trial,Trial,Dang,Dhuruwa,5.299,7.4126666666666665,28.027291388333335,82.32576638833334,-2.113666666666666
2017,2017 core trial,Trial,Dang,Hapur,4.099,3.718,28.092535417500002,82.4274558325,0.3810000000000002
2017,2017 core trial,Trial,Dang,Laxmipur,5.8389999999999995,5.128333333333333,27.97980139,82.49198389,0.7106666666666666
2017,2017 core trial,Trial,Dang,Panchakule,8.108,6.879,28.1334054175,82.109412085,1.229000000000001
2017,2017 core trial,Trial,Dang,Pawannagar,5.611999999999999,5.758,28.163747223333335,82.256674445,-0.1460000000000008
2017,2017 core trial,Trial,Dang,Purandhara,6.9205000000000005,7.0045,28.192190834999998,82.0976670825,-0.08399999999999963
2017,2017 core trial,Trial,Dang,Shantinagar,5.816000000000001,2.909,28.1638441675,82.229699585,2.907000000000001
2017,2017 core trial,Trial,Dang,Shreegau,5.164666666666666,4.123666666666667,28.106386665000002,82.17907777666667,1.0409999999999995
2017,2017 core trial,Trial,Surkhet,Babiyachaur,8.68665,7.4583,28.815003675,81.40369145,1.2283499999999998
2017,2017 core trial,Trial,Surkhet,Gadhi,7.11665,4.58,28.64616023,81.6029042575,2.53665
2017,2017 core trial,Trial,Surkhet,Ghumkhare,5.92,7.76,28.439776875,81.897423375,-1.8399999999999999
2017,2017 core trial,Trial,Surkhet,Guthu,6.8667,6.74995,28.847964400000002,81.30248935,0.11674999999999969
2017,2017 core trial,Trial,Surkhet,Kalyan,7.6499,6.695533333333334,28.502921833333332,81.73765958333334,0.9543666666666661
2017,2017 core trial,Trial,Surkhet,Lekhpharsa,7.815533333333334,6.666666666666667,28.47386746666667,81.80856531666667,1.1488666666666667
2017,2017 core trial,Trial,Surkhet,Maintada-3,6.782233333333334,4.3917,28.443311886666667,81.80852307916666,2.390533333333334
2017,2017 core trial,Trial,Surkhet,Maintada-4,6.811133333333334,6.1444333333333345,28.419852138333333,81.79543643833334,0.6666999999999996
2017,2017 core trial,Trial,Surkhet,Neta,9.89,6.24165,28.550066425,81.79385384999999,3.6483500000000006
2017,2017 core trial,Trial,Surkhet,Ramghat,7.975,3.565,28.48883655,81.7431206,4.41
2018,"2018 N source, timing and FYM trial",Trial,Dang,Dhikpur,8.245170542635659,6.889589147286821,28.033888580000003,82.37338285833333,1.355581395348838
2018,"2018 N source, timing and FYM trial",Trial,Dang,Dhuruwa,3.566046511627907,8.002325581395349,28.0214735425,82.3246647175,-4.4362790697674415
2018,"2018 N source, timing and FYM trial",Trial,Dang,Hapur,5.334282945736434,5.20610465116279,28.090448776666666,82.42108206333333,0.12817829457364383
2018,"2018 N source, timing and FYM trial",Trial,Dang,Laxmipur,6.363593023255814,4.633511627906977,27.977827443333332,82.46365233666667,1.7300813953488374
2018,"2018 N source, timing and FYM trial",Trial,Dang,Panchakaule,7.585732558139535,5.908761627906976,28.1161729075,82.166335365,1.6769709302325584
2018,"2018 N source, timing and FYM trial",Trial,Dang,Pawannagar,4.261496124031008,5.934627906976744,28.170453620000004,82.26027281999998,-1.6731317829457364
2018,"2018 N source, timing and FYM trial",Trial,Dang,Purandhara,8.07782945736434,6.483104651162791,28.187574058333333,82.09802281,1.5947248062015484
2018,"2018 N source, timing and FYM trial",Trial,Dang,Shantinagar,6.575282945736434,5.986391472868218,28.165573853333335,82.22549202833333,0.588891472868216
2018,"2018 N source, timing and FYM trial",Trial,Doti,Chattiwan,5.561558139534884,5.692945736434108,29.082115948333332,80.59343874666666,-0.1313875968992244
2018,"2018 N source, timing and FYM trial",Trial,Doti,Ghantesori,7.97891472868217,6.148062015503876,29.144260101666667,80.60340461666667,1.8308527131782943
2018,"2018 N source, timing and FYM trial",Trial,Kavre,Anekot,5.003658914728682,4.346476744186046,27.660351469166667,85.58859310083332,0.6571821705426357
2018,"2018 N source, timing and FYM trial",Trial,Kavre,Bhakundebesi,7.969186046511628,6.609883720930232,27.558005653333332,85.66621676833333,1.359302325581396
2018,"2018 N source, timing and FYM trial",Trial,Kavre,Rabiopi,8.982558139534882,6.62984496124031,27.647592539999998,85.56456278166667,2.3527131782945725
2018,"2018 N source, timing and FYM trial",Trial,Surkhet,Babiyachaur,8.997201550387596,7.254147286821706,28.804873569999998,81.39947721,1.7430542635658899
2018,"2018 N source, timing and FYM trial",Trial,Surkhet,Gadhi,7.23532558139535,5.777647286821705,28.639586246666667,81.59303495500001,1.457678294573645
2018,"2018 N source, timing and FYM trial",Trial,Surkhet,Guthu,7.3305,5.73593023255814,28.833551575,81.30625107,1.5945697674418602
2018,"2018 N source, timing and FYM trial",Trial,Surkhet,Kalyan,7.7328565891472865,7.159341085271318,28.50486518333333,81.73679539,0.5735155038759681
2018,"2018 N source, timing and FYM trial",Trial,Surkhet,Kunathari,8.095593023255814,6.537705426356589,28.71292778,81.51044930333333,1.5578875968992252
2018,"2018 N source, timing and FYM trial",Trial,Surkhet,Lekhpharsa,8.376213178294574,7.03681007751938,28.464976398333334,81.79503254166667,1.3394031007751934
2018,"2018 N source, timing and FYM trial",Trial,Surkhet,Maintada-1,7.342633720930232,6.540453488372092,28.4430835225,81.7964786775,0.8021802325581397
2018,"2018 N source, timing and FYM trial",Trial,Surkhet,Maintada-2,6.901953488372093,5.977441860465117,28.4239202375,81.79688430750001,0.924511627906976
2018,"2018 N source, timing and FYM trial",Trial,Surkhet,Maintada-7,6.669767441860466,,28.44627709,81.81803668,
2018,"2018 N source, timing and FYM trial",Trial,Surkhet,Maintada-8,8.837209302325583,6.369302325581396,28.439116159999998,81.810719465,2.467906976744187
2018,"2018 N source, timing and FYM trial",Trial,Surkhet,Maintada-9,,7.7138372093023255,28.43196607,81.80337762,
2018,"2018 N source, timing and FYM trial",Trial,Surkhet,Ramghat,8.122302325581396,6.894341085271318,28.48846730833333,81.74245886666667,1.2279612403100781
2019,2019 T1-T10 core trial,Trial,Dang,Dhikpur,7.228915116279069,5.67418023255814,28.040362873580307,82.3734474554658,1.5547348837209292
2019,2019 T1-T10 core trial,Trial,Dang,Laxmipur,8.489523837209301,5.917041860465115,27.97847970155999,82.46624847175553,2.5724819767441858
2019,2019 T1-T10 core trial,Trial,Dang,Panchakule,8.839681395348837,8.124413953488371,28.134313656482846,82.12081578327343,0.7152674418604654
2019,2019 T1-T10 core trial,Trial,Dang,Shantinagar,7.448930232558139,5.872153488372093,28.165754531510174,82.22757103387266,1.5767767441860459
2019,2019 T1-T10 core trial,Trial,Dang,Shreegau,6.41404534883721,4.694708720930233,28.109673773869872,82.18611426651478,1.7193366279069764
2019,2019 T1-T10 core trial,Trial,Doti,Chhatiwan,8.098835697674419,6.789382965116278,29.080739772180095,80.59061547741294,1.3094527325581407
2019,2019 T1-T10 core trial,Trial,Doti,Dipayal,8.59045569767442,7.720761108527133,29.254708767402917,80.93253350816667,0.8696945891472874
2019,2019 T1-T10 core trial,Trial,Doti,Ghanteshwor,8.325494186046512,7.222269767441861,29.12430316954851,80.58115516696125,1.1032244186046514
2019,2019 T1-T10 core trial,Trial,Kavre,Bhakundebesi,4.507763058139535,2.9267566104651164,27.556928058620542,85.66751964390278,1.5810064476744183
2019,2019 T1-T10 core trial,Trial,Kavre,Rabiopi,3.7852552180232557,3.342635645348837,27.650316499639302,85.57624184992164,0.44261957267441865
2019,2019 T1-T10 core trial,Trial,Makwanpur,Radha Tiwari,4.570539779069768,2.742325581395349,,,1.828214197674419
2019,2019 T1-T10 core trial,Trial,Nuwakot,Dip Acharya,8.41852391860465,6.008917976744186,27.884923266246915,85.15010325238109,2.4096059418604643
2019,2019 T1-T10 core trial,Trial,Nuwakot,Ramchandra Acharya,1.7737178720930233,1.620817011627907,27.884346486534923,85.15048190485686,0.1529008604651163
2019,2019 T1-T10 core trial,Trial,Palpa,Chidi pani,8.864534882232558,8.257209302325581,27.86681341007352,83.54837232967839,0.607325579906977
2019,2019 T1-T10 core trial,Trial,Palpa,Devinagar,7.871434107005815,5.791707364343022,27.809342356631532,83.69690019870177,2.0797267426627926
2019,2019 T1-T10 core trial,Trial,Palpa,Khasyauli,5.131782948837209,6.005674418604651,27.884640879929066,83.47849565092474,-0.8738914697674423
2019,2019 T1-T10 core trial,Trial,Salyan,Jhuplal gharti,9.42674418604651,7.134883720930233,28.217880476731807,82.38473758567125,2.2918604651162777
2019,2019 T1-T10 core trial,Trial,Salyan,Sharadha sharma,11.232558139534884,11.860168604651165,28.229123626369983,82.35293299891055,-0.6276104651162804
2019,2019 T1-T10 core trial,Trial,Surkhet,Babiyachaur,10.220610465116279,9.719476744186046,28.805194973247126,81.3999076327309,0.5011337209302322
2019,2019 T1-T10 core trial,Trial,Surkhet,Kalyan,8.047848837209303,7.139387790697674,28.501447626622394,81.74197743879631,0.9084610465116292
2019,2019 T1-T10 core trial,Trial,Surkhet,Kunathari,7.542087209302327,6.868965697674419,28.714248400647193,81.50840313406661,0.6731215116279081
2019,2019 T1-T10 core trial,Trial,Surkhet,Lekhpharsa,7.4454244186046505,6.102918604651163,28.465095773572102,81.79056592751294,1.3425058139534878
2019,2019 T1-T10 core trial,Trial,Surkhet,Maintada-2,5.256697093023256,4.673941860465117,28.44778362312354,81.79641574155539,0.5827552325581387
2019,2019 T1-T10 core trial,Trial,Surkhet,Ramghat,8.400393488372092,5.644310232558139,28.489946932531893,81.74422927480191,2.7560832558139534
