year,study,dataset_type,district,site,treatment_yield_t_ha,N_rate_kg_ha,latitude,longitude,y_0PK_t_ha,treatment_role,yield_response_vs_0PK_t_ha,AE_N_vs_0PK_kg_kg,relative_yield_vs_0PK_pct,group
2018,"2018 N source, timing and FYM trial",Trial,Dang,Dhikpur,8.309213178294572,120.0,28.033859723333332,82.37339596333332,8.245170542635659,government_recommendation,0.06404263565891277,0.5336886304909397,100.77672906009342,GR
2018,"2018 N source, timing and FYM trial",Trial,Dang,Dhuruwa,6.752627906976744,120.0,28.021549020000002,82.324681375,3.566046511627907,government_recommendation,3.1865813953488367,26.554844961240306,189.35894091561235,GR
2018,"2018 N source, timing and FYM trial",Trial,Dang,Hapur,5.666720930232557,120.0,28.090455763333335,82.42110961,5.334282945736434,government_recommendation,0.3324379844961234,2.7703165374676946,106.23210256894664,GR
2018,"2018 N source, timing and FYM trial",Trial,Dang,Laxmipur,7.132759689922481,120.0,27.977790003333336,82.46364707333333,6.363593023255814,government_recommendation,0.769166666666667,6.409722222222225,112.08698708191645,GR
2018,"2018 N source, timing and FYM trial",Trial,Dang,Panchakaule,8.273944767441861,120.0,28.1161511325,82.16631265,7.585732558139535,government_recommendation,0.6882122093023266,5.735101744186055,109.07245548175662,GR
2018,"2018 N source, timing and FYM trial",Trial,Dang,Pawannagar,5.785248062015505,120.0,28.170474799999997,82.26025320333333,4.261496124031008,government_recommendation,1.523751937984497,12.697932816537476,135.75626713331746,GR
2018,"2018 N source, timing and FYM trial",Trial,Dang,Purandhara,7.4239961240310075,120.0,28.18761530333333,82.09808285666666,8.07782945736434,government_recommendation,-0.6538333333333322,-5.448611111111101,91.90582895090401,GR
2018,"2018 N source, timing and FYM trial",Trial,Dang,Shantinagar,7.427116279069768,120.0,28.165591893333332,82.22554941666668,6.575282945736434,government_recommendation,0.8518333333333343,7.098611111111119,112.95508254721848,GR
2018,"2018 N source, timing and FYM trial",Trial,Doti,Chattiwan,6.628709302325581,120.0,29.082113109999998,80.59339418666667,5.561558139534884,government_recommendation,1.0671511627906973,8.892926356589145,119.18798897749082,GR
2018,"2018 N source, timing and FYM trial",Trial,Doti,Ghantesori,8.323627906976744,120.0,29.14420459666667,80.60346934333333,7.97891472868217,government_recommendation,0.34471317829457426,2.872609819121452,104.32030157002954,GR
2018,"2018 N source, timing and FYM trial",Trial,Kavre,Anekot,6.6202093023255815,120.0,27.660642553333332,85.58985851666667,5.003658914728682,government_recommendation,1.6165503875968996,13.471253229974163,132.30736577264392,GR
2018,"2018 N source, timing and FYM trial",Trial,Kavre,Bhakundebesi,8.142248062015504,120.0,27.55798009,85.66630554666666,7.969186046511628,government_recommendation,0.17306201550387623,1.442183462532302,102.17163979475208,GR
2018,"2018 N source, timing and FYM trial",Trial,Kavre,Rabiopi,9.312015503875969,120.0,27.647586223333334,85.56451260333334,8.982558139534882,government_recommendation,0.32945736434108674,2.745478036175723,103.66774541531824,GR
2018,"2018 N source, timing and FYM trial",Trial,Surkhet,Babiyachaur,9.468372093023257,120.0,28.804848823333334,81.39958067333333,8.997201550387596,government_recommendation,0.4711705426356616,3.9264211886305134,105.23685659365232,GR
2018,"2018 N source, timing and FYM trial",Trial,Surkhet,Gadhi,8.934263565891474,120.0,28.6396009,81.59302820333333,7.23532558139535,government_recommendation,1.6989379844961237,14.157816537467697,123.48115458500874,GR
2018,"2018 N source, timing and FYM trial",Trial,Surkhet,Guthu,7.927639534883721,120.0,28.83349251,81.30619469,7.3305,government_recommendation,0.5971395348837216,4.97616279069768,108.14595914171915,GR
2018,"2018 N source, timing and FYM trial",Trial,Surkhet,Kalyan,8.879523255813952,120.0,28.50494627666667,81.73688858333334,7.7328565891472865,government_recommendation,1.1466666666666656,9.555555555555546,114.82850035362043,GR
2018,"2018 N source, timing and FYM trial",Trial,Surkhet,Kunathari,8.978236434108528,120.0,28.713022403333337,81.51053496333333,8.095593023255814,government_recommendation,0.8826434108527135,7.355361757105945,110.90276411273624,GR
2018,"2018 N source, timing and FYM trial",Trial,Surkhet,Lekhpharsa,8.474728682170543,120.0,28.46499699,81.79510354333333,8.376213178294574,government_recommendation,0.0985155038759693,0.8209625322997441,101.1761341524981,GR
2018,"2018 N source, timing and FYM trial",Trial,Surkhet,Maintada-1,8.949492248062016,120.0,28.44418109,81.80358763,7.342633720930232,government_recommendation,1.6068585271317843,13.390487726098202,121.88395319994544,GR
2018,"2018 N source, timing and FYM trial",Trial,Surkhet,Maintada-2,8.762003875968992,120.0,28.42658842,81.79910268666667,6.901953488372093,government_recommendation,1.8600503875968988,15.500419896640825,126.94962217190505,GR
2018,"2018 N source, timing and FYM trial",Trial,Surkhet,Ramghat,8.903693798449613,120.0,28.488442363333334,81.74251475,8.122302325581396,government_recommendation,0.7813914728682168,6.511595607235139,109.62031997266594,GR
2018,"2018 N source, timing and FYM trial",Trial,Dang,Dhikpur,8.671798449612403,120.0,28.03390014,82.37340118666667,8.245170542635659,n_timing_v6_v10,0.42662790697674424,3.5552325581395356,105.17427632055222,Timing
2018,"2018 N source, timing and FYM trial",Trial,Dang,Dhuruwa,4.536941860465117,120.0,28.02149167,82.32460623,3.566046511627907,n_timing_v6_v10,0.9708953488372094,8.090794573643413,127.22609886526674,Timing
2018,"2018 N source, timing and FYM trial",Trial,Dang,Hapur,5.8953953488372095,120.0,28.090494776666663,82.42109572666668,5.334282945736434,n_timing_v6_v10,0.5611124031007755,4.675936692506463,110.5189846284637,Timing
2018,"2018 N source, timing and FYM trial",Trial,Dang,Laxmipur,7.854178294573643,120.0,27.97779992,82.46364304666668,6.363593023255814,n_timing_v6_v10,1.490585271317829,12.421543927648575,123.42364236478464,Timing
2018,"2018 N source, timing and FYM trial",Trial,Dang,Panchakaule,8.061438953488373,120.0,28.1161573575,82.16633325000001,7.585732558139535,n_timing_v6_v10,0.47570639534883874,3.964219961240323,106.27106731884982,Timing
2018,"2018 N source, timing and FYM trial",Trial,Dang,Pawannagar,7.984372093023256,120.0,28.170486576666665,82.26038410333332,4.261496124031008,n_timing_v6_v10,3.7228759689922484,31.023966408268738,187.36077332086668,Timing
2018,"2018 N source, timing and FYM trial",Trial,Dang,Purandhara,8.285817829457363,120.0,28.187528816666667,82.09808506,8.07782945736434,n_timing_v6_v10,0.20798837209302334,1.7332364341085278,102.57480518981997,Timing
2018,"2018 N source, timing and FYM trial",Trial,Dang,Shantinagar,7.551662790697674,120.0,28.16565448,82.22553547333332,6.575282945736434,n_timing_v6_v10,0.9763798449612402,8.136498708010334,114.84924455751896,Timing
2018,"2018 N source, timing and FYM trial",Trial,Doti,Chattiwan,7.519953488372093,120.0,29.082111143333332,80.59343443666667,5.561558139534884,n_timing_v6_v10,1.9583953488372092,16.319961240310075,135.2130697855294,Timing
2018,"2018 N source, timing and FYM trial",Trial,Doti,Ghantesori,8.714038759689922,120.0,29.144270333333335,80.60338828333333,7.97891472868217,n_timing_v6_v10,0.7351240310077518,6.126033591731265,109.21333359241412,Timing
2018,"2018 N source, timing and FYM trial",Trial,Kavre,Anekot,6.564829457364341,120.0,27.660617666666667,85.58988433,5.003658914728682,n_timing_v6_v10,1.5611705426356588,13.009754521963824,131.20057880124932,Timing
2018,"2018 N source, timing and FYM trial",Trial,Kavre,Bhakundebesi,8.35658914728682,120.0,27.55802251,85.66618018999999,7.969186046511628,n_timing_v6_v10,0.3874031007751926,3.228359173126605,104.86126310157825,Timing
2018,"2018 N source, timing and FYM trial",Trial,Kavre,Rabiopi,9.918410852713178,120.0,27.64758374666667,85.56459292333334,8.982558139534882,n_timing_v6_v10,0.9358527131782957,7.79877260981913,110.41855447680692,Timing
2018,"2018 N source, timing and FYM trial",Trial,Surkhet,Babiyachaur,9.5175503875969,120.0,28.80506116,81.39933198,8.997201550387596,n_timing_v6_v10,0.5203488372093048,4.33624031007754,105.78345204667431,Timing
2018,"2018 N source, timing and FYM trial",Trial,Surkhet,Gadhi,8.688166666666667,120.0,28.63958669,81.59303149666665,7.23532558139535,n_timing_v6_v10,1.4528410852713174,12.107009043927643,120.0798301185934,Timing
2018,"2018 N source, timing and FYM trial",Trial,Surkhet,Guthu,9.522802325581397,120.0,28.83355295,81.30626154,7.3305,n_timing_v6_v10,2.192302325581397,18.269186046511646,129.90658652999656,Timing
2018,"2018 N source, timing and FYM trial",Trial,Surkhet,Kalyan,8.67182945736434,120.0,28.504849269999998,81.73678032,7.7328565891472865,n_timing_v6_v10,0.9389728682170544,7.824773901808786,112.14263910615982,Timing
2018,"2018 N source, timing and FYM trial",Trial,Surkhet,Kunathari,8.985705426356589,120.0,28.71290002666667,81.51043103333335,8.095593023255814,n_timing_v6_v10,0.8901124031007743,7.417603359173119,110.99502408957308,Timing
2018,"2018 N source, timing and FYM trial",Trial,Surkhet,Lekhpharsa,9.093860465116279,120.0,28.464971306666666,81.79504334333333,8.376213178294574,n_timing_v6_v10,0.7176472868217054,5.980394056847545,108.5676817381076,Timing
2018,"2018 N source, timing and FYM trial",Trial,Surkhet,Maintada-1,7.998401162790698,120.0,28.443086710000003,81.796525825,7.342633720930232,n_timing_v6_v10,0.6557674418604655,5.464728682170546,108.93095674909121,Timing
2018,"2018 N source, timing and FYM trial",Trial,Surkhet,Maintada-2,8.880936046511628,120.0,28.423926950000002,81.79685753999999,6.901953488372093,n_timing_v6_v10,1.9789825581395357,16.491521317829463,128.67278896436468,Timing
2018,"2018 N source, timing and FYM trial",Trial,Surkhet,Ramghat,8.893600775193798,120.0,28.488454536666666,81.7424711,8.122302325581396,n_timing_v6_v10,0.7712984496124022,6.427487080103352,109.49605688996799,Timing
