year,study,dataset_type,district,site,latitude,longitude,variety,variety_group,treatment_code,source_treatment_label,treatment,treatment_role,N_rate_kg_ha,P_rate_kg_ha,K_rate_kg_ha,grain_moisture_pct,recorded_yield_kg_ha,dry_yield_kg_ha,yield_14pct_kg_ha,yield_t_ha,strategy
2019,2019 Hybrid strategy block,Demo,Dang,Dhikpur,28.026865809224542,82.37110865302384,Hybrid,Hybrid,A1,Hybrid N120-P60-K40,Hybrid N120-P60-K40,demo_gr_hybrid,120.0,60.0,40.0,16.7,10667.0,8885.610999999999,10332.105813953489,10.332105813953488,gr
2019,2019 Hybrid strategy block,Demo,Dang,Dhikpur,28.03020503371954,82.37675772048533,Hybrid,Hybrid,A1,Hybrid N120-P60-K40,Hybrid N120-P60-K40,demo_gr_hybrid,120.0,60.0,40.0,17.4,6000.0,4955.999999999999,5762.790697674418,5.762790697674418,gr
2019,2019 Hybrid strategy block,Demo,Dang,Dhikpur,28.026923267170787,82.37107403576374,Hybrid,Hybrid,A2,Hybrid FYM 6 t/ha + N120-P60-K40,Hybrid FYM 6 t/ha + N120-P60-K40,demo_fym_hybrid,120.0,60.0,40.0,17.4,13000.0,10738.0,12486.046511627908,12.486046511627908,fym
2019,2019 Hybrid strategy block,Demo,Dang,Dhikpur,28.030160274356604,82.37680382095277,Hybrid,Hybrid,A2,Hybrid FYM 6 t/ha + N120-P60-K40,Hybrid FYM 6 t/ha + N120-P60-K40,demo_fym_hybrid,120.0,60.0,40.0,18.0,6667.0,5466.94,6356.906976744186,6.356906976744186,fym
2019,2019 Hybrid strategy block,Demo,Dang,Dhikpur,28.02693973761052,82.37100530415773,Hybrid,Hybrid,A3,Hybrid Zn + N120-P60-K40,Hybrid Zn + N120-P60-K40,demo_zn_hybrid,120.0,60.0,40.0,17.4,9000.0,7434.0,8644.186046511628,8.644186046511628,zn
2019,2019 Hybrid strategy block,Demo,Dang,Dhikpur,28.030122010968626,82.37686073407531,Hybrid,Hybrid,A3,Hybrid Zn + N120-P60-K40,Hybrid Zn + N120-P60-K40,demo_zn_hybrid,120.0,60.0,40.0,18.0,12000.0,9840.0,11441.86046511628,11.44186046511628,zn
2019,2019 Hybrid strategy block,Demo,Dang,Dhikpur,28.026944096200168,82.37097638659179,Hybrid,Hybrid,A4,Hybrid PCU N60-P60-K40,Hybrid PCU N60-P60-K40,demo_pcu_half_n_hybrid,60.0,60.0,40.0,16.3,11667.0,9765.279,11354.975581395349,11.35497558139535,pcu_half_n
2019,2019 Hybrid strategy block,Demo,Dang,Dhikpur,28.03007943090052,82.37690306268632,Hybrid,Hybrid,A4,Hybrid PCU N60-P60-K40,Hybrid PCU N60-P60-K40,demo_pcu_half_n_hybrid,60.0,60.0,40.0,17.6,8833.0,7278.392000000001,8463.246511627907,8.463246511627908,pcu_half_n
2019,2019 Hybrid strategy block,Demo,Dang,Dhikpur,28.02699744701385,82.37090698443353,Hybrid,Hybrid,A5,Hybrid UDP N78-P60-K40,Hybrid UDP N78-P60-K40,demo_udp_reduced_n_hybrid,78.0,60.0,40.0,17.0,10000.0,8300.0,9651.162790697674,9.651162790697674,udp_reduced_n
2019,2019 Hybrid strategy block,Demo,Dang,Dhikpur,28.03011618554592,82.37693273462355,Hybrid,Hybrid,A5,Hybrid UDP N78-P60-K40,Hybrid UDP N78-P60-K40,demo_udp_reduced_n_hybrid,78.0,60.0,40.0,17.7,7333.0,6035.059,7017.510465116279,7.017510465116279,udp_reduced_n
2019,2019 Hybrid strategy block,Demo,Dang,Laxmipur,27.97623605467379,82.46381275355816,Hybrid,Hybrid,A1,Hybrid N120-P60-K40,Hybrid N120-P60-K40,demo_gr_hybrid,120.0,60.0,40.0,21.4,14000.0,11004.0,12795.348837209303,12.795348837209303,gr
2019,2019 Hybrid strategy block,Demo,Dang,Laxmipur,27.990604690276086,82.51853006891906,Hybrid,Hybrid,A1,Hybrid N120-P60-K40,Hybrid N120-P60-K40,demo_gr_hybrid,120.0,60.0,40.0,22.1,13000.0,10127.000000000002,11775.58139534884,11.775581395348839,gr
2019,2019 Hybrid strategy block,Demo,Dang,Laxmipur,27.97626094892621,82.46376128867269,Hybrid,Hybrid,A2,Hybrid FYM 6 t/ha + N120-P60-K40,Hybrid FYM 6 t/ha + N120-P60-K40,demo_fym_hybrid,120.0,60.0,40.0,22.2,15000.0,11670.0,13569.767441860466,13.569767441860465,fym
2019,2019 Hybrid strategy block,Demo,Dang,Laxmipur,27.99057732336223,82.51858220435679,Hybrid,Hybrid,A2,Hybrid FYM 6 t/ha + N120-P60-K40,Hybrid FYM 6 t/ha + N120-P60-K40,demo_fym_hybrid,120.0,60.0,40.0,22.6,13500.0,10449.000000000002,12150.000000000002,12.150000000000002,fym
2019,2019 Hybrid strategy block,Demo,Dang,Laxmipur,27.97634807880968,82.46366917155683,Hybrid,Hybrid,A3,Hybrid Zn + N120-P60-K40,Hybrid Zn + N120-P60-K40,demo_zn_hybrid,120.0,60.0,40.0,20.3,12333.0,9829.401000000002,11429.53604651163,11.42953604651163,zn
2019,2019 Hybrid strategy block,Demo,Dang,Laxmipur,27.990593961440027,82.51861321739852,Hybrid,Hybrid,A3,Hybrid Zn + N120-P60-K40,Hybrid Zn + N120-P60-K40,demo_zn_hybrid,120.0,60.0,40.0,22.9,12367.0,9534.957,11087.159302325585,11.087159302325585,zn
2019,2019 Hybrid strategy block,Demo,Dang,Laxmipur,27.976401848718524,82.46342400088906,Hybrid,Hybrid,A4,Hybrid PCU N60-P60-K40,Hybrid PCU N60-P60-K40,demo_pcu_half_n_hybrid,60.0,60.0,40.0,20.0,11067.0,8853.6,10294.883720930233,10.294883720930233,pcu_half_n
2019,2019 Hybrid strategy block,Demo,Dang,Laxmipur,27.99054283183068,82.51862411387265,Hybrid,Hybrid,A4,Hybrid PCU N60-P60-K40,Hybrid PCU N60-P60-K40,demo_pcu_half_n_hybrid,60.0,60.0,40.0,19.6,10000.0,8040.0,9348.837209302326,9.348837209302326,pcu_half_n
2019,2019 Hybrid strategy block,Demo,Dang,Laxmipur,27.976348791271448,82.4636291898787,Hybrid,Hybrid,A5,Hybrid UDP N78-P60-K40,Hybrid UDP N78-P60-K40,demo_udp_reduced_n_hybrid,78.0,60.0,40.0,19.5,10333.0,8318.065,9672.168604651164,9.672168604651164,udp_reduced_n
2019,2019 Hybrid strategy block,Demo,Dang,Laxmipur,27.99054731614888,82.51865889877081,Hybrid,Hybrid,A5,Hybrid UDP N78-P60-K40,Hybrid UDP N78-P60-K40,demo_udp_reduced_n_hybrid,78.0,60.0,40.0,19.0,10000.0,8100.0,9418.60465116279,9.41860465116279,udp_reduced_n
2019,2019 Hybrid strategy block,Demo,Dang,Panchakule,28.13416263554245,82.11803896352649,Hybrid,Hybrid,A1,Hybrid N120-P60-K40,Hybrid N120-P60-K40,demo_gr_hybrid,120.0,60.0,40.0,19.1,7493.0,6061.837,7048.647674418606,7.048647674418605,gr
2019,2019 Hybrid strategy block,Demo,Dang,Panchakule,28.134349384345114,82.11804390884936,Hybrid,Hybrid,A2,Hybrid FYM 6 t/ha + N120-P60-K40,Hybrid FYM 6 t/ha + N120-P60-K40,demo_fym_hybrid,120.0,60.0,40.0,19.0,7297.0,5910.57,6872.7558139534885,6.872755813953488,fym
2019,2019 Hybrid strategy block,Demo,Dang,Panchakule,28.13441023696214,82.11811322718859,Hybrid,Hybrid,A3,Hybrid Zn + N120-P60-K40,Hybrid Zn + N120-P60-K40,demo_zn_hybrid,120.0,60.0,40.0,18.6,7890.0,6422.46,7467.976744186047,7.467976744186047,zn
2019,2019 Hybrid strategy block,Demo,Dang,Panchakule,28.13445889391005,82.11817977949977,Hybrid,Hybrid,A4,Hybrid PCU N60-P60-K40,Hybrid PCU N60-P60-K40,demo_pcu_half_n_hybrid,60.0,60.0,40.0,19.0,11133.0,9017.73,10485.732558139534,10.485732558139535,pcu_half_n
2019,2019 Hybrid strategy block,Demo,Dang,Panchakule,28.13453085254877,82.11823996156454,Hybrid,Hybrid,A5,Hybrid UDP N78-P60-K40,Hybrid UDP N78-P60-K40,demo_udp_reduced_n_hybrid,78.0,60.0,40.0,18.8,6927.0,5624.724,6540.376744186046,6.540376744186046,udp_reduced_n
2019,2019 Hybrid strategy block,Demo,Dang,Purandhara,28.13506666570902,82.12238506413996,Hybrid,Hybrid,A1,Hybrid N120-P60-K40,Hybrid N120-P60-K40,demo_gr_hybrid,120.0,60.0,40.0,22.4,7937.0,6159.111999999999,7161.7581395348825,7.161758139534882,gr
2019,2019 Hybrid strategy block,Demo,Dang,Purandhara,28.06542268954217,82.44525656104088,Hybrid,Hybrid,A1,Hybrid N120-P60-K40,Hybrid N120-P60-K40,demo_gr_hybrid,120.0,60.0,40.0,23.5,7083.0,5418.495,6300.575581395349,6.300575581395349,gr
2019,2019 Hybrid strategy block,Demo,Dang,Purandhara,28.135056104511023,82.1224589087069,Hybrid,Hybrid,A2,Hybrid FYM 6 t/ha + N120-P60-K40,Hybrid FYM 6 t/ha + N120-P60-K40,demo_fym_hybrid,120.0,60.0,40.0,22.5,12467.0,9661.925,11234.796511627908,11.23479651162791,fym
2019,2019 Hybrid strategy block,Demo,Dang,Purandhara,28.06545692961663,82.44519621133804,Hybrid,Hybrid,A2,Hybrid FYM 6 t/ha + N120-P60-K40,Hybrid FYM 6 t/ha + N120-P60-K40,demo_fym_hybrid,120.0,60.0,40.0,23.2,6667.0,5120.255999999999,5953.786046511627,5.9537860465116275,fym
2019,2019 Hybrid strategy block,Demo,Dang,Purandhara,28.134994371794164,82.12250106967986,Hybrid,Hybrid,A3,Hybrid Zn + N120-P60-K40,Hybrid Zn + N120-P60-K40,demo_zn_hybrid,120.0,60.0,40.0,26.4,10400.0,7654.399999999999,8900.465116279069,8.900465116279069,zn
2019,2019 Hybrid strategy block,Demo,Dang,Purandhara,28.06552461348474,82.4451123084873,Hybrid,Hybrid,A3,Hybrid Zn + N120-P60-K40,Hybrid Zn + N120-P60-K40,demo_zn_hybrid,120.0,60.0,40.0,21.1,8000.0,6312.0,7339.53488372093,7.339534883720931,zn
2019,2019 Hybrid strategy block,Demo,Dang,Purandhara,28.134966418147087,82.12254473939538,Hybrid,Hybrid,A4,Hybrid PCU N60-P60-K40,Hybrid PCU N60-P60-K40,demo_pcu_half_n_hybrid,60.0,60.0,40.0,16.9,10733.0,8919.123,10371.073255813952,10.371073255813952,pcu_half_n
2019,2019 Hybrid strategy block,Demo,Dang,Purandhara,28.06553919799626,82.4450584128499,Hybrid,Hybrid,A4,Hybrid PCU N60-P60-K40,Hybrid PCU N60-P60-K40,demo_pcu_half_n_hybrid,60.0,60.0,40.0,22.9,6167.0,4754.757,5528.787209302325,5.528787209302325,pcu_half_n
2019,2019 Hybrid strategy block,Demo,Dang,Purandhara,28.13494827132672,82.12258304469287,Hybrid,Hybrid,A5,Hybrid UDP N78-P60-K40,Hybrid UDP N78-P60-K40,demo_udp_reduced_n_hybrid,78.0,60.0,40.0,16.1,8410.0,7055.99,8204.639534883721,8.204639534883722,udp_reduced_n
2019,2019 Hybrid strategy block,Demo,Dang,Purandhara,28.0655768327415,82.4450409784913,Hybrid,Hybrid,A5,Hybrid UDP N78-P60-K40,Hybrid UDP N78-P60-K40,demo_udp_reduced_n_hybrid,78.0,60.0,40.0,21.9,5917.0,4621.177,5373.461627906977,5.373461627906977,udp_reduced_n
2019,2019 Hybrid strategy block,Demo,Dang,Shantinagar,28.15802989527583,82.22683170810342,Hybrid,Hybrid,A1,Hybrid N120-P60-K40,Hybrid N120-P60-K40,demo_gr_hybrid,120.0,60.0,40.0,29.1,9633.0,6829.7970000000005,7941.6244186046515,7.941624418604651,gr
2019,2019 Hybrid strategy block,Demo,Dang,Shantinagar,28.174101314507425,82.22785983234644,Hybrid,Hybrid,A1,Hybrid N120-P60-K40,Hybrid N120-P60-K40,demo_gr_hybrid,120.0,60.0,40.0,31.3,11000.0,7557.0,8787.209302325582,8.787209302325582,gr
2019,2019 Hybrid strategy block,Demo,Dang,Shantinagar,28.15802641678601,82.22684889100492,Hybrid,Hybrid,A2,Hybrid FYM 6 t/ha + N120-P60-K40,Hybrid FYM 6 t/ha + N120-P60-K40,demo_fym_hybrid,120.0,60.0,40.0,31.0,10000.0,6900.0,8023.255813953488,8.023255813953488,fym
2019,2019 Hybrid strategy block,Demo,Dang,Shantinagar,28.17401657346636,82.22791842184961,Hybrid,Hybrid,A2,Hybrid FYM 6 t/ha + N120-P60-K40,Hybrid FYM 6 t/ha + N120-P60-K40,demo_fym_hybrid,120.0,60.0,40.0,30.5,9333.0,6486.435,7542.366279069768,7.5423662790697685,fym
2019,2019 Hybrid strategy block,Demo,Dang,Shantinagar,28.15800340846181,82.22690479829907,Hybrid,Hybrid,A3,Hybrid Zn + N120-P60-K40,Hybrid Zn + N120-P60-K40,demo_zn_hybrid,120.0,60.0,40.0,29.5,10100.0,7120.5,8279.651162790698,8.279651162790698,zn
2019,2019 Hybrid strategy block,Demo,Dang,Shantinagar,28.17395940888673,82.2279879078269,Hybrid,Hybrid,A3,Hybrid Zn + N120-P60-K40,Hybrid Zn + N120-P60-K40,demo_zn_hybrid,120.0,60.0,40.0,27.4,9133.0,6630.557999999999,7709.951162790697,7.709951162790697,zn
2019,2019 Hybrid strategy block,Demo,Dang,Shantinagar,28.157983417622745,82.22692240029573,Hybrid,Hybrid,A4,Hybrid PCU N60-P60-K40,Hybrid PCU N60-P60-K40,demo_pcu_half_n_hybrid,60.0,60.0,40.0,31.4,9680.0,6640.48,7721.488372093023,7.721488372093023,pcu_half_n
2019,2019 Hybrid strategy block,Demo,Dang,Shantinagar,28.173989919014275,82.22806351259351,Hybrid,Hybrid,A4,Hybrid PCU N60-P60-K40,Hybrid PCU N60-P60-K40,demo_pcu_half_n_hybrid,60.0,60.0,40.0,29.8,8817.0,6189.534000000001,7197.132558139536,7.197132558139536,pcu_half_n
2019,2019 Hybrid strategy block,Demo,Dang,Shantinagar,28.15798853058368,82.22696028649807,Hybrid,Hybrid,A5,Hybrid UDP N78-P60-K40,Hybrid UDP N78-P60-K40,demo_udp_reduced_n_hybrid,78.0,60.0,40.0,32.0,10000.0,6800.0,7906.976744186047,7.906976744186046,udp_reduced_n
2019,2019 Hybrid strategy block,Demo,Dang,Shantinagar,28.173939040862024,82.22806711681187,Hybrid,Hybrid,A5,Hybrid UDP N78-P60-K40,Hybrid UDP N78-P60-K40,demo_udp_reduced_n_hybrid,78.0,60.0,40.0,29.3,10433.0,7376.130999999999,8576.896511627907,8.576896511627908,udp_reduced_n
2019,2019 Hybrid strategy block,Demo,Dang,Shreegau,28.10815690085292,82.18256000429392,Hybrid,Hybrid,A1,Hybrid N120-P60-K40,Hybrid N120-P60-K40,demo_gr_hybrid,120.0,60.0,40.0,17.3,9750.0,8063.25,9375.872093023256,9.375872093023256,gr
2019,2019 Hybrid strategy block,Demo,Dang,Shreegau,28.111599013209343,82.18974279239774,Hybrid,Hybrid,A1,Hybrid N120-P60-K40,Hybrid N120-P60-K40,demo_gr_hybrid,120.0,60.0,40.0,17.0,10650.0,8839.5,10278.488372093025,10.278488372093024,gr
2019,2019 Hybrid strategy block,Demo,Dang,Shreegau,28.10809789225459,82.18259076587856,Hybrid,Hybrid,A2,Hybrid FYM 6 t/ha + N120-P60-K40,Hybrid FYM 6 t/ha + N120-P60-K40,demo_fym_hybrid,120.0,60.0,40.0,17.5,8383.0,6915.975,8041.831395348838,8.041831395348838,fym
2019,2019 Hybrid strategy block,Demo,Dang,Shreegau,28.111616699025035,82.18963835388422,Hybrid,Hybrid,A2,Hybrid FYM 6 t/ha + N120-P60-K40,Hybrid FYM 6 t/ha + N120-P60-K40,demo_fym_hybrid,120.0,60.0,40.0,17.0,8717.0,7235.11,8412.918604651162,8.412918604651162,fym
2019,2019 Hybrid strategy block,Demo,Dang,Shreegau,28.10819109901786,82.1827008202672,Hybrid,Hybrid,A3,Hybrid Zn + N120-P60-K40,Hybrid Zn + N120-P60-K40,demo_zn_hybrid,120.0,60.0,40.0,17.1,8433.0,6990.957,8129.019767441861,8.12901976744186,zn
2019,2019 Hybrid strategy block,Demo,Dang,Shreegau,28.111658105626702,82.1895098593086,Hybrid,Hybrid,A3,Hybrid Zn + N120-P60-K40,Hybrid Zn + N120-P60-K40,demo_zn_hybrid,120.0,60.0,40.0,17.0,9983.0,8285.89,9634.755813953489,9.634755813953488,zn
2019,2019 Hybrid strategy block,Demo,Dang,Shreegau,28.108129701577127,82.18275496736169,Hybrid,Hybrid,A4,Hybrid PCU N60-P60-K40,Hybrid PCU N60-P60-K40,demo_pcu_half_n_hybrid,60.0,60.0,40.0,17.4,7533.0,6222.257999999999,7235.183720930231,7.235183720930231,pcu_half_n
2019,2019 Hybrid strategy block,Demo,Dang,Shreegau,28.111794143915176,82.18948588706553,Hybrid,Hybrid,A4,Hybrid PCU N60-P60-K40,Hybrid PCU N60-P60-K40,demo_pcu_half_n_hybrid,60.0,60.0,40.0,17.2,9100.0,7534.8,8761.39534883721,8.76139534883721,pcu_half_n
2019,2019 Hybrid strategy block,Demo,Dang,Shreegau,28.1081129796803,82.18279100954533,Hybrid,Hybrid,A5,Hybrid UDP N78-P60-K40,Hybrid UDP N78-P60-K40,demo_udp_reduced_n_hybrid,78.0,60.0,40.0,17.3,7000.0,5789.0,6731.395348837209,6.731395348837209,udp_reduced_n
2019,2019 Hybrid strategy block,Demo,Dang,Shreegau,28.111752863042057,82.18939930200577,Hybrid,Hybrid,A5,Hybrid UDP N78-P60-K40,Hybrid UDP N78-P60-K40,demo_udp_reduced_n_hybrid,78.0,60.0,40.0,16.8,8817.0,7335.744000000001,8529.93488372093,8.52993488372093,udp_reduced_n
2019,2019 Hybrid strategy block,Demo,Doti,Chhatiwan,29.08005500212312,80.59002564288676,Hybrid,Hybrid,A1,Hybrid N120-P60-K40,Hybrid N120-P60-K40,demo_gr_hybrid,120.0,60.0,40.0,28.7,8888.0,6337.144,7368.772093023256,7.3687720930232565,gr
2019,2019 Hybrid strategy block,Demo,Doti,Chhatiwan,29.080102150328457,80.58986630290747,Hybrid,Hybrid,A2,Hybrid FYM 6 t/ha + N120-P60-K40,Hybrid FYM 6 t/ha + N120-P60-K40,demo_fym_hybrid,120.0,60.0,40.0,27.9,7806.0,5628.126,6544.332558139536,6.544332558139535,fym
2019,2019 Hybrid strategy block,Demo,Doti,Chhatiwan,29.08013136126101,80.58982397429645,Hybrid,Hybrid,A3,Hybrid Zn + N120-P60-K40,Hybrid Zn + N120-P60-K40,demo_zn_hybrid,120.0,60.0,40.0,28.9,8666.0,6161.526,7164.56511627907,7.1645651162790704,zn
2019,2019 Hybrid strategy block,Demo,Doti,Chhatiwan,29.080242505297065,80.58977385051548,Hybrid,Hybrid,A4,Hybrid PCU N60-P60-K40,Hybrid PCU N60-P60-K40,demo_pcu_half_n_hybrid,60.0,60.0,40.0,29.0,8222.0,5837.62,6787.930232558139,6.787930232558139,pcu_half_n
2019,2019 Hybrid strategy block,Demo,Doti,Chhatiwan,29.080344010144472,80.58960730209947,Hybrid,Hybrid,A5,Hybrid UDP N78-P60-K40,Hybrid UDP N78-P60-K40,demo_udp_reduced_n_hybrid,78.0,60.0,40.0,28.7,8577.0,6115.401,7110.931395348837,7.110931395348837,udp_reduced_n
2019,2019 Hybrid strategy block,Demo,Doti,Dipayal,29.255790319293737,80.9320121537894,Hybrid,Hybrid,A1,Hybrid N120-P60-K40,Hybrid N120-P60-K40,demo_gr_hybrid,120.0,60.0,40.0,24.8,8777.0,6600.304,7674.772093023256,7.674772093023257,gr
2019,2019 Hybrid strategy block,Demo,Doti,Dipayal,29.25574602093548,80.9319225512445,Hybrid,Hybrid,A2,Hybrid FYM 6 t/ha + N120-P60-K40,Hybrid FYM 6 t/ha + N120-P60-K40,demo_fym_hybrid,120.0,60.0,40.0,26.3,9291.0,6847.467000000001,7962.170930232559,7.962170930232559,fym
2019,2019 Hybrid strategy block,Demo,Doti,Dipayal,29.255823763087392,80.93188734725118,Hybrid,Hybrid,A3,Hybrid Zn + N120-P60-K40,Hybrid Zn + N120-P60-K40,demo_zn_hybrid,120.0,60.0,40.0,19.5,10111.0,8139.355,9464.366279069767,9.464366279069766,zn
2019,2019 Hybrid strategy block,Demo,Doti,Dipayal,29.255790319293737,80.9320121537894,Hybrid,Hybrid,A4,Hybrid PCU N60-P60-K40,Hybrid PCU N60-P60-K40,demo_pcu_half_n_hybrid,60.0,60.0,40.0,27.2,7888.0,5742.464,6677.283720930232,6.677283720930232,pcu_half_n
2019,2019 Hybrid strategy block,Demo,Doti,Dipayal,29.25574602093548,80.9319225512445,Hybrid,Hybrid,A5,Hybrid UDP N78-P60-K40,Hybrid UDP N78-P60-K40,demo_udp_reduced_n_hybrid,78.0,60.0,40.0,22.6,8777.0,6793.398,7899.3,7.8993,udp_reduced_n
2019,2019 Hybrid strategy block,Demo,Doti,Ghanteshwor,29.12981002125889,80.57959344238043,Hybrid,Hybrid,A1,Hybrid N120-P60-K40,Hybrid N120-P60-K40,demo_gr_hybrid,120.0,60.0,40.0,22.4,9000.0,6984.0,8120.930232558139,8.12093023255814,gr
2019,2019 Hybrid strategy block,Demo,Doti,Ghanteshwor,29.126308523118496,80.57519964873791,Hybrid,Hybrid,A1,Hybrid N120-P60-K40,Hybrid N120-P60-K40,demo_gr_hybrid,120.0,60.0,40.0,23.0,7777.77,5988.8829000000005,6963.817325581396,6.963817325581396,gr
2019,2019 Hybrid strategy block,Demo,Doti,Ghanteshwor,29.12532427813857,80.57615367695689,Hybrid,Hybrid,A1,Hybrid N120-P60-K40,Hybrid N120-P60-K40,demo_gr_hybrid,120.0,60.0,40.0,24.0,11000.0,8360.0,9720.93023255814,9.720930232558139,gr
2019,2019 Hybrid strategy block,Demo,Doti,Ghanteshwor,29.129989058710635,80.57948833331466,Hybrid,Hybrid,A2,Hybrid FYM 6 t/ha + N120-P60-K40,Hybrid FYM 6 t/ha + N120-P60-K40,demo_fym_hybrid,120.0,60.0,40.0,20.8,8777.0,6951.384,8083.004651162791,8.08300465116279,fym
2019,2019 Hybrid strategy block,Demo,Doti,Ghanteshwor,29.126279773190618,80.57517810724676,Hybrid,Hybrid,A2,Hybrid FYM 6 t/ha + N120-P60-K40,Hybrid FYM 6 t/ha + N120-P60-K40,demo_fym_hybrid,120.0,60.0,40.0,21.0,7888.88,6232.215200000001,7246.761860465117,7.246761860465117,fym
2019,2019 Hybrid strategy block,Demo,Doti,Ghanteshwor,29.125242428854108,80.57594706304371,Hybrid,Hybrid,A2,Hybrid FYM 6 t/ha + N120-P60-K40,Hybrid FYM 6 t/ha + N120-P60-K40,demo_fym_hybrid,120.0,60.0,40.0,28.0,9633.0,6935.76,8064.837209302326,8.064837209302326,fym
2019,2019 Hybrid strategy block,Demo,Doti,Ghanteshwor,29.12981580477208,80.57950903661549,Hybrid,Hybrid,A3,Hybrid Zn + N120-P60-K40,Hybrid Zn + N120-P60-K40,demo_zn_hybrid,120.0,60.0,40.0,23.6,8888.0,6790.432000000001,7895.851162790698,7.895851162790699,zn
2019,2019 Hybrid strategy block,Demo,Doti,Ghanteshwor,29.12621175404638,80.5752432346344,Hybrid,Hybrid,A3,Hybrid Zn + N120-P60-K40,Hybrid Zn + N120-P60-K40,demo_zn_hybrid,120.0,60.0,40.0,25.0,8888.88,6666.659999999999,7751.930232558138,7.751930232558139,zn
2019,2019 Hybrid strategy block,Demo,Doti,Ghanteshwor,29.12522331811488,80.5759166367352,Hybrid,Hybrid,A3,Hybrid Zn + N120-P60-K40,Hybrid Zn + N120-P60-K40,demo_zn_hybrid,120.0,60.0,40.0,21.8,7393.0,5781.326,6722.472093023256,6.722472093023256,zn
2019,2019 Hybrid strategy block,Demo,Doti,Ghanteshwor,29.129920327104628,80.57955572381616,Hybrid,Hybrid,A4,Hybrid PCU N60-P60-K40,Hybrid PCU N60-P60-K40,demo_pcu_half_n_hybrid,60.0,60.0,40.0,24.5,8666.0,6542.83,7607.941860465116,7.607941860465116,pcu_half_n
2019,2019 Hybrid strategy block,Demo,Doti,Ghanteshwor,29.12617034744472,80.57527751661837,Hybrid,Hybrid,A4,Hybrid PCU N60-P60-K40,Hybrid PCU N60-P60-K40,demo_pcu_half_n_hybrid,60.0,60.0,40.0,21.5,8666.66,6803.3281,7910.846627906976,7.9108466279069765,pcu_half_n
2019,2019 Hybrid strategy block,Demo,Doti,Ghanteshwor,29.12542439997196,80.57614755816758,Hybrid,Hybrid,A4,Hybrid PCU N60-P60-K40,Hybrid PCU N60-P60-K40,demo_pcu_half_n_hybrid,60.0,60.0,40.0,23.6,9633.0,7359.612000000001,8557.688372093024,8.557688372093024,pcu_half_n
2019,2019 Hybrid strategy block,Demo,Doti,Ghanteshwor,29.130054521374404,80.57947584427893,Hybrid,Hybrid,A5,Hybrid UDP N78-P60-K40,Hybrid UDP N78-P60-K40,demo_udp_reduced_n_hybrid,78.0,60.0,40.0,20.5,8555.0,6801.225,7908.401162790698,7.908401162790699,udp_reduced_n
2019,2019 Hybrid strategy block,Demo,Doti,Ghanteshwor,29.12617034744472,80.57527751661837,Hybrid,Hybrid,A5,Hybrid UDP N78-P60-K40,Hybrid UDP N78-P60-K40,demo_udp_reduced_n_hybrid,78.0,60.0,40.0,22.8,8444.44,6519.10768,7580.35776744186,7.5803577674418605,udp_reduced_n
2019,2019 Hybrid strategy block,Demo,Doti,Ghanteshwor,29.12528731394559,80.57605879381299,Hybrid,Hybrid,A5,Hybrid UDP N78-P60-K40,Hybrid UDP N78-P60-K40,demo_udp_reduced_n_hybrid,78.0,60.0,40.0,23.6,10386.0,7934.904,9226.632558139536,9.226632558139535,udp_reduced_n
2019,2019 Hybrid strategy block,Demo,Kavre,Bhakundebesi,27.562420489266515,85.64945865422487,Hybrid,Hybrid,A1,Hybrid N120-P60-K40,Hybrid N120-P60-K40,demo_gr_hybrid,120.0,60.0,40.0,22.0,6000.0,4680.0,5441.86046511628,5.44186046511628,gr
2019,2019 Hybrid strategy block,Demo,Kavre,Bhakundebesi,27.56237514317036,85.64941506832838,Hybrid,Hybrid,A2,Hybrid FYM 6 t/ha + N120-P60-K40,Hybrid FYM 6 t/ha + N120-P60-K40,demo_fym_hybrid,120.0,60.0,40.0,20.4,5333.33,4245.33068,4936.431023255814,4.936431023255814,fym
2019,2019 Hybrid strategy block,Demo,Kavre,Bhakundebesi,27.5622373027727,85.64963425509632,Hybrid,Hybrid,A3,Hybrid Zn + N120-P60-K40,Hybrid Zn + N120-P60-K40,demo_zn_hybrid,120.0,60.0,40.0,20.9,6187.5,4894.312499999999,5691.061046511627,5.691061046511627,zn
2019,2019 Hybrid strategy block,Demo,Kavre,Bhakundebesi,27.561757271178067,85.64877117052674,Hybrid,Hybrid,A4,Hybrid PCU N60-P60-K40,Hybrid PCU N60-P60-K40,demo_pcu_half_n_hybrid,60.0,60.0,40.0,18.1,6833.33,5596.497270000001,6507.55496511628,6.50755496511628,pcu_half_n
2019,2019 Hybrid strategy block,Demo,Kavre,Bhakundebesi,27.562298448756337,85.64976744353771,Hybrid,Hybrid,A5,Hybrid UDP N78-P60-K40,Hybrid UDP N78-P60-K40,demo_udp_reduced_n_hybrid,78.0,60.0,40.0,21.0,7812.5,6171.875,7176.598837209303,7.176598837209303,udp_reduced_n
2019,2019 Hybrid strategy block,Demo,Makwanpur,Radha Tiwari,,,Hybrid,Hybrid,A1,Hybrid N120-P60-K40,Hybrid N120-P60-K40,demo_gr_hybrid,120.0,60.0,40.0,19.8,7433.33,5961.53066,6932.012395348837,6.9320123953488375,gr
2019,2019 Hybrid strategy block,Demo,Makwanpur,Radha Tiwari,,,Hybrid,Hybrid,A2,Hybrid FYM 6 t/ha + N120-P60-K40,Hybrid FYM 6 t/ha + N120-P60-K40,demo_fym_hybrid,120.0,60.0,40.0,19.8,6500.0,5213.0,6061.627906976744,6.061627906976744,fym
2019,2019 Hybrid strategy block,Demo,Makwanpur,Radha Tiwari,,,Hybrid,Hybrid,A3,Hybrid Zn + N120-P60-K40,Hybrid Zn + N120-P60-K40,demo_zn_hybrid,120.0,60.0,40.0,19.8,6900.0,5533.8,6434.651162790698,6.434651162790699,zn
2019,2019 Hybrid strategy block,Demo,Makwanpur,Radha Tiwari,,,Hybrid,Hybrid,A4,Hybrid PCU N60-P60-K40,Hybrid PCU N60-P60-K40,demo_pcu_half_n_hybrid,60.0,60.0,40.0,19.8,7083.33,5680.83066,6605.617046511627,6.605617046511627,pcu_half_n
2019,2019 Hybrid strategy block,Demo,Makwanpur,Radha Tiwari,,,Hybrid,Hybrid,A5,Hybrid UDP N78-P60-K40,Hybrid UDP N78-P60-K40,demo_udp_reduced_n_hybrid,78.0,60.0,40.0,19.8,7250.0,5814.5,6761.046511627907,6.7610465116279075,udp_reduced_n
2019,2019 Hybrid strategy block,Demo,Nuwakot,Ramchandra Acharya,27.88431666791439,85.1506984513253,Hybrid,Hybrid,A1,Hybrid N120-P60-K40,Hybrid N120-P60-K40,demo_gr_hybrid,120.0,60.0,40.0,19.8,7000.0,5614.0,6527.906976744186,6.527906976744186,gr
2019,2019 Hybrid strategy block,Demo,Nuwakot,Ramchandra Acharya,,,Hybrid,Hybrid,A1,Hybrid N120-P60-K40,Hybrid N120-P60-K40,demo_gr_hybrid,120.0,60.0,40.0,19.8,7000.0,5614.0,6527.906976744186,6.527906976744186,gr
2019,2019 Hybrid strategy block,Demo,Nuwakot,Ramchandra Acharya,27.8844232019037,85.1506929192692,Hybrid,Hybrid,A2,Hybrid FYM 6 t/ha + N120-P60-K40,Hybrid FYM 6 t/ha + N120-P60-K40,demo_fym_hybrid,120.0,60.0,40.0,19.8,9833.33,7886.33066,9170.151930232558,9.170151930232558,fym
2019,2019 Hybrid strategy block,Demo,Nuwakot,Ramchandra Acharya,,,Hybrid,Hybrid,A2,Hybrid FYM 6 t/ha + N120-P60-K40,Hybrid FYM 6 t/ha + N120-P60-K40,demo_fym_hybrid,120.0,60.0,40.0,19.8,9833.33,7886.33066,9170.151930232558,9.170151930232558,fym
2019,2019 Hybrid strategy block,Demo,Nuwakot,Ramchandra Acharya,27.88446791935712,85.15069920569658,Hybrid,Hybrid,A3,Hybrid Zn + N120-P60-K40,Hybrid Zn + N120-P60-K40,demo_zn_hybrid,120.0,60.0,40.0,19.8,7883.33,6322.43066,7351.663558139535,7.351663558139535,zn
2019,2019 Hybrid strategy block,Demo,Nuwakot,Ramchandra Acharya,,,Hybrid,Hybrid,A3,Hybrid Zn + N120-P60-K40,Hybrid Zn + N120-P60-K40,demo_zn_hybrid,120.0,60.0,40.0,19.8,7883.33,6322.43066,7351.663558139535,7.351663558139535,zn
2019,2019 Hybrid strategy block,Demo,Nuwakot,Ramchandra Acharya,27.88451594766229,85.15072116628289,Hybrid,Hybrid,A4,Hybrid PCU N60-P60-K40,Hybrid PCU N60-P60-K40,demo_pcu_half_n_hybrid,60.0,60.0,40.0,19.8,8483.33,6803.63066,7911.198441860465,7.911198441860465,pcu_half_n
2019,2019 Hybrid strategy block,Demo,Nuwakot,Ramchandra Acharya,,,Hybrid,Hybrid,A4,Hybrid PCU N60-P60-K40,Hybrid PCU N60-P60-K40,demo_pcu_half_n_hybrid,60.0,60.0,40.0,19.8,8483.99,6804.15998,7911.813930232559,7.911813930232559,pcu_half_n
2019,2019 Hybrid strategy block,Demo,Nuwakot,Ramchandra Acharya,27.884649764746428,85.15072426758707,Hybrid,Hybrid,A5,Hybrid UDP N78-P60-K40,Hybrid UDP N78-P60-K40,demo_udp_reduced_n_hybrid,78.0,60.0,40.0,19.8,8866.667,7111.066934,8268.682481395348,8.268682481395349,udp_reduced_n
2019,2019 Hybrid strategy block,Demo,Nuwakot,Ramchandra Acharya,,,Hybrid,Hybrid,A5,Hybrid UDP N78-P60-K40,Hybrid UDP N78-P60-K40,demo_udp_reduced_n_hybrid,78.0,60.0,40.0,19.8,8866.67,7111.06934,8268.685279069767,8.268685279069766,udp_reduced_n
2019,2019 Hybrid strategy block,Demo,Palpa,Devinagar,27.80849640257657,83.69880789890885,Hybrid,Hybrid,A1,Hybrid N120-P60-K40,Hybrid N120-P60-K40,demo_gr_hybrid,120.0,60.0,40.0,21.6,10866.66667,8519.46666928,9906.356592186046,9.906356592186047,gr
2019,2019 Hybrid strategy block,Demo,Palpa,Devinagar,27.80842704232782,83.69870329275727,Hybrid,Hybrid,A2,Hybrid FYM 6 t/ha + N120-P60-K40,Hybrid FYM 6 t/ha + N120-P60-K40,demo_fym_hybrid,120.0,60.0,40.0,24.4,11466.66667,8668.80000252,10080.000002930232,10.080000002930232,fym
2019,2019 Hybrid strategy block,Demo,Palpa,Devinagar,27.80851689632982,83.69864705018699,Hybrid,Hybrid,A3,Hybrid Zn + N120-P60-K40,Hybrid Zn + N120-P60-K40,demo_zn_hybrid,120.0,60.0,40.0,21.6,13296.66667,10424.58666928,12121.612406139537,12.121612406139537,zn
2019,2019 Hybrid strategy block,Demo,Palpa,Devinagar,27.80753126833588,83.6996323429048,Hybrid,Hybrid,A4,Hybrid PCU N60-P60-K40,Hybrid PCU N60-P60-K40,demo_pcu_half_n_hybrid,60.0,60.0,40.0,20.7,8863.333333,7028.623333069,8172.817829150001,8.17281782915,pcu_half_n
2019,2019 Hybrid strategy block,Demo,Palpa,Devinagar,27.807311075739563,83.70224179700017,Hybrid,Hybrid,A5,Hybrid UDP N78-P60-K40,Hybrid UDP N78-P60-K40,demo_udp_reduced_n_hybrid,78.0,60.0,40.0,19.8,10866.66667,8715.066669340002,10133.798452720932,10.133798452720931,udp_reduced_n
2019,2019 Hybrid strategy block,Demo,Salyan,Ajaya Gharti,28.21758239530027,82.38460016436875,Hybrid,Hybrid,A1,Hybrid N120-P60-K40,Hybrid N120-P60-K40,demo_gr_hybrid,120.0,60.0,40.0,31.1,14000.0,9646.000000000002,11216.279069767445,11.216279069767445,gr
2019,2019 Hybrid strategy block,Demo,Salyan,Ajaya Gharti,28.21762681938708,82.38461106084287,Hybrid,Hybrid,A2,Hybrid FYM 6 t/ha + N120-P60-K40,Hybrid FYM 6 t/ha + N120-P60-K40,demo_fym_hybrid,120.0,60.0,40.0,32.1,13667.0,9279.893,10790.573255813952,10.790573255813952,fym
2019,2019 Hybrid strategy block,Demo,Salyan,Ajaya Gharti,28.21763054933399,82.38454392179847,Hybrid,Hybrid,A3,Hybrid Zn + N120-P60-K40,Hybrid Zn + N120-P60-K40,demo_zn_hybrid,120.0,60.0,40.0,29.2,13333.0,9439.764,10976.46976744186,10.976469767441861,zn
2019,2019 Hybrid strategy block,Demo,Salyan,Ajaya Gharti,28.21767036337405,82.38450846634805,Hybrid,Hybrid,A4,Hybrid PCU N60-P60-K40,Hybrid PCU N60-P60-K40,demo_pcu_half_n_hybrid,60.0,60.0,40.0,30.2,12667.0,8841.565999999999,10280.890697674418,10.280890697674419,pcu_half_n
2019,2019 Hybrid strategy block,Demo,Salyan,Ajaya Gharti,28.217680673114955,82.38449103198946,Hybrid,Hybrid,A5,Hybrid UDP N78-P60-K40,Hybrid UDP N78-P60-K40,demo_udp_reduced_n_hybrid,78.0,60.0,40.0,26.5,13000.0,9555.0,11110.46511627907,11.110465116279071,udp_reduced_n
2019,2019 Hybrid strategy block,Demo,Salyan,Prem buda,28.24857485946268,82.33078231103718,Hybrid,Hybrid,A1,Hybrid N120-P60-K40,Hybrid N120-P60-K40,demo_gr_hybrid,120.0,60.0,40.0,26.5,14000.0,10290.0,11965.116279069767,11.965116279069766,gr
2019,2019 Hybrid strategy block,Demo,Salyan,Prem buda,28.24862238485366,82.33084609732032,Hybrid,Hybrid,A2,Hybrid FYM 6 t/ha + N120-P60-K40,Hybrid FYM 6 t/ha + N120-P60-K40,demo_fym_hybrid,120.0,60.0,40.0,26.5,13333.0,9799.755,11395.063953488372,11.395063953488371,fym
2019,2019 Hybrid strategy block,Demo,Salyan,Prem buda,28.2486729696393,82.33093955554068,Hybrid,Hybrid,A3,Hybrid Zn + N120-P60-K40,Hybrid Zn + N120-P60-K40,demo_zn_hybrid,120.0,60.0,40.0,30.5,9067.0,6301.565,7327.4011627906975,7.327401162790697,zn
2019,2019 Hybrid strategy block,Demo,Salyan,Prem buda,28.24870737735182,82.330974759534,Hybrid,Hybrid,A4,Hybrid PCU N60-P60-K40,Hybrid PCU N60-P60-K40,demo_pcu_half_n_hybrid,60.0,60.0,40.0,31.0,8433.0,5818.77,6766.011627906977,6.766011627906977,pcu_half_n
2019,2019 Hybrid strategy block,Demo,Salyan,Prem buda,28.24842926580459,82.33088021166623,Hybrid,Hybrid,A5,Hybrid UDP N78-P60-K40,Hybrid UDP N78-P60-K40,demo_udp_reduced_n_hybrid,78.0,60.0,40.0,31.2,7933.0,5457.904,6346.400000000001,6.346400000000001,udp_reduced_n
2019,2019 Hybrid strategy block,Demo,Salyan,Tham kumari mahatara,28.25883745215833,82.33735204674304,Hybrid,Hybrid,A1,Hybrid N120-P60-K40,Hybrid N120-P60-K40,demo_gr_hybrid,120.0,60.0,40.0,28.3,13333.0,9559.761,11116.0011627907,11.1160011627907,gr
2019,2019 Hybrid strategy block,Demo,Salyan,Tham kumari mahatara,28.258865447714925,82.33737727627158,Hybrid,Hybrid,A2,Hybrid FYM 6 t/ha + N120-P60-K40,Hybrid FYM 6 t/ha + N120-P60-K40,demo_fym_hybrid,120.0,60.0,40.0,29.4,14033.0,9907.298,11520.113953488371,11.520113953488371,fym
2019,2019 Hybrid strategy block,Demo,Salyan,Tham kumari mahatara,28.258859748020768,82.33739177696407,Hybrid,Hybrid,A3,Hybrid Zn + N120-P60-K40,Hybrid Zn + N120-P60-K40,demo_zn_hybrid,120.0,60.0,40.0,29.1,14000.0,9926.000000000002,11541.86046511628,11.541860465116281,zn
2019,2019 Hybrid strategy block,Demo,Salyan,Tham kumari mahatara,28.25888522900641,82.33749621547759,Hybrid,Hybrid,A4,Hybrid PCU N60-P60-K40,Hybrid PCU N60-P60-K40,demo_pcu_half_n_hybrid,60.0,60.0,40.0,30.1,11667.0,8155.233,9482.829069767442,9.482829069767442,pcu_half_n
2019,2019 Hybrid strategy block,Demo,Salyan,Tham kumari mahatara,28.258952074684203,82.33756083995104,Hybrid,Hybrid,A5,Hybrid UDP N78-P60-K40,Hybrid UDP N78-P60-K40,demo_udp_reduced_n_hybrid,78.0,60.0,40.0,31.1,15000.0,10335.000000000002,12017.441860465118,12.017441860465118,udp_reduced_n
2019,2019 Hybrid strategy block,Demo,Surkhet,Babiyachaur,28.805276309140027,81.40033137984574,Hybrid,Hybrid,A1,Hybrid N120-P60-K40,Hybrid N120-P60-K40,demo_gr_hybrid,120.0,60.0,40.0,20.2,13833.0,11038.734,12835.737209302324,12.835737209302325,gr
2019,2019 Hybrid strategy block,Demo,Surkhet,Babiyachaur,28.805250409059227,81.40033565461636,Hybrid,Hybrid,A2,Hybrid FYM 6 t/ha + N120-P60-K40,Hybrid FYM 6 t/ha + N120-P60-K40,demo_fym_hybrid,120.0,60.0,40.0,21.0,14166.66,11191.6614,13013.55976744186,13.01355976744186,fym
2019,2019 Hybrid strategy block,Demo,Surkhet,Babiyachaur,28.80523880012333,81.40037840232253,Hybrid,Hybrid,A3,Hybrid Zn + N120-P60-K40,Hybrid Zn + N120-P60-K40,demo_zn_hybrid,120.0,60.0,40.0,19.5,15000.0,12075.0,14040.697674418603,14.040697674418603,zn
2019,2019 Hybrid strategy block,Demo,Surkhet,Babiyachaur,28.8052236288786,81.40040379948914,Hybrid,Hybrid,A4,Hybrid PCU N60-P60-K40,Hybrid PCU N60-P60-K40,demo_pcu_half_n_hybrid,60.0,60.0,40.0,19.0,13983.33,11326.4973,13170.345697674418,13.170345697674419,pcu_half_n
2019,2019 Hybrid strategy block,Demo,Surkhet,Babiyachaur,28.80520946346224,81.40041201375425,Hybrid,Hybrid,A5,Hybrid UDP N78-P60-K40,Hybrid UDP N78-P60-K40,demo_udp_reduced_n_hybrid,78.0,60.0,40.0,19.0,13983.33,11326.4973,13170.345697674418,13.170345697674419,udp_reduced_n
2019,2019 Hybrid strategy block,Demo,Surkhet,Kalyan,28.50374635308981,81.73832852393389,Hybrid,Hybrid,A1,Hybrid N120-P60-K40,Hybrid N120-P60-K40,demo_gr_hybrid,120.0,60.0,40.0,25.0,10003.0,7502.25,8723.546511627907,8.723546511627907,gr
2019,2019 Hybrid strategy block,Demo,Surkhet,Kalyan,28.503612242639065,81.73836247064173,Hybrid,Hybrid,A2,Hybrid FYM 6 t/ha + N120-P60-K40,Hybrid FYM 6 t/ha + N120-P60-K40,demo_fym_hybrid,120.0,60.0,40.0,24.4,11707.0,8850.492,10291.26976744186,10.29126976744186,fym
2019,2019 Hybrid strategy block,Demo,Surkhet,Kalyan,28.503653020597994,81.73830891028047,Hybrid,Hybrid,A3,Hybrid Zn + N120-P60-K40,Hybrid Zn + N120-P60-K40,demo_zn_hybrid,120.0,60.0,40.0,23.0,11293.0,8695.61,10111.174418604653,10.111174418604653,zn
2019,2019 Hybrid strategy block,Demo,Surkhet,Kalyan,28.50356169976294,81.73828736878932,Hybrid,Hybrid,A4,Hybrid PCU N60-P60-K40,Hybrid PCU N60-P60-K40,demo_pcu_half_n_hybrid,60.0,60.0,40.0,20.0,11417.0,9133.6,10620.46511627907,10.620465116279071,pcu_half_n
2019,2019 Hybrid strategy block,Demo,Surkhet,Kalyan,28.50359702948481,81.73827169463038,Hybrid,Hybrid,A5,Hybrid UDP N78-P60-K40,Hybrid UDP N78-P60-K40,demo_udp_reduced_n_hybrid,78.0,60.0,40.0,24.0,10943.0,8316.68,9670.558139534884,9.670558139534883,udp_reduced_n
2019,2019 Hybrid strategy block,Demo,Surkhet,Kunathari,28.71348860207945,81.50714138522744,Hybrid,Hybrid,A1,Hybrid N120-P60-K40,Hybrid N120-P60-K40,demo_gr_hybrid,120.0,60.0,40.0,22.0,9050.0,7059.0,8208.139534883721,8.20813953488372,gr
2019,2019 Hybrid strategy block,Demo,Surkhet,Kunathari,28.71349337976426,81.50713962502778,Hybrid,Hybrid,A2,Hybrid FYM 6 t/ha + N120-P60-K40,Hybrid FYM 6 t/ha + N120-P60-K40,demo_fym_hybrid,120.0,60.0,40.0,22.1,9873.0,7691.067000000001,8943.1011627907,8.943101162790699,fym
2019,2019 Hybrid strategy block,Demo,Surkhet,Kunathari,28.71352271642536,81.50719553232193,Hybrid,Hybrid,A3,Hybrid Zn + N120-P60-K40,Hybrid Zn + N120-P60-K40,demo_zn_hybrid,120.0,60.0,40.0,19.9,10650.0,8530.65,9919.36046511628,9.91936046511628,zn
2019,2019 Hybrid strategy block,Demo,Surkhet,Kunathari,28.713520243763924,81.50713970884681,Hybrid,Hybrid,A4,Hybrid PCU N60-P60-K40,Hybrid PCU N60-P60-K40,demo_pcu_half_n_hybrid,60.0,60.0,40.0,23.1,9243.0,7107.867000000001,8264.961627906978,8.264961627906978,pcu_half_n
2019,2019 Hybrid strategy block,Demo,Surkhet,Kunathari,28.713521542958915,81.50715328752995,Hybrid,Hybrid,A5,Hybrid UDP N78-P60-K40,Hybrid UDP N78-P60-K40,demo_udp_reduced_n_hybrid,78.0,60.0,40.0,21.1,9100.0,7179.9,8348.720930232557,8.348720930232558,udp_reduced_n
2019,2019 Hybrid strategy block,Demo,Surkhet,Lekhpharsa,28.461811440065503,81.78102308884263,Hybrid,Hybrid,A1,Hybrid N120-P60-K40,Hybrid N120-P60-K40,demo_gr_hybrid,120.0,60.0,40.0,19.8,9833.0,7886.066,9169.844186046512,9.169844186046511,gr
2019,2019 Hybrid strategy block,Demo,Surkhet,Lekhpharsa,28.461795640178025,81.78097103722394,Hybrid,Hybrid,A2,Hybrid FYM 6 t/ha + N120-P60-K40,Hybrid FYM 6 t/ha + N120-P60-K40,demo_fym_hybrid,120.0,60.0,40.0,20.0,9347.0,7477.6,8694.883720930233,8.694883720930234,fym
2019,2019 Hybrid strategy block,Demo,Surkhet,Lekhpharsa,28.46175318583846,81.78091496229172,Hybrid,Hybrid,A3,Hybrid Zn + N120-P60-K40,Hybrid Zn + N120-P60-K40,demo_zn_hybrid,120.0,60.0,40.0,21.2,7050.0,5555.4,6459.767441860465,6.459767441860465,zn
2019,2019 Hybrid strategy block,Demo,Surkhet,Lekhpharsa,28.461702768690884,81.78089761175215,Hybrid,Hybrid,A4,Hybrid PCU N60-P60-K40,Hybrid PCU N60-P60-K40,demo_pcu_half_n_hybrid,60.0,60.0,40.0,19.5,7767.0,6252.435,7270.273255813954,7.2702732558139544,pcu_half_n
2019,2019 Hybrid strategy block,Demo,Surkhet,Lekhpharsa,28.461660398170352,81.78084053099155,Hybrid,Hybrid,A5,Hybrid UDP N78-P60-K40,Hybrid UDP N78-P60-K40,demo_udp_reduced_n_hybrid,78.0,60.0,40.0,19.9,9807.0,7855.406999999999,9134.19418604651,9.13419418604651,udp_reduced_n
2019,2019 Hybrid strategy block,Demo,Surkhet,Maintada-2,28.44870310742408,81.79671191610396,Hybrid,Hybrid,A1,Hybrid N120-P60-K40,Hybrid N120-P60-K40,demo_gr_hybrid,120.0,60.0,40.0,23.4,4090.0,3132.94,3642.953488372093,3.642953488372093,gr
2019,2019 Hybrid strategy block,Demo,Surkhet,Maintada-2,28.44869724009186,81.79670889861882,Hybrid,Hybrid,A2,Hybrid FYM 6 t/ha + N120-P60-K40,Hybrid FYM 6 t/ha + N120-P60-K40,demo_fym_hybrid,120.0,60.0,40.0,23.9,8200.0,6240.2,7256.046511627906,7.256046511627906,fym
2019,2019 Hybrid strategy block,Demo,Surkhet,Maintada-2,28.44873093534261,81.79671887308359,Hybrid,Hybrid,A3,Hybrid Zn + N120-P60-K40,Hybrid Zn + N120-P60-K40,demo_zn_hybrid,120.0,60.0,40.0,21.5,8833.0,6933.905,8062.680232558139,8.06268023255814,zn
2019,2019 Hybrid strategy block,Demo,Surkhet,Maintada-2,28.448755997233093,81.79672113619745,Hybrid,Hybrid,A4,Hybrid PCU N60-P60-K40,Hybrid PCU N60-P60-K40,demo_pcu_half_n_hybrid,60.0,60.0,40.0,22.6,8133.0,6294.942000000001,7319.700000000001,7.319700000000001,pcu_half_n
2019,2019 Hybrid strategy block,Demo,Surkhet,Maintada-2,28.44878830946982,81.7967389896512,Hybrid,Hybrid,A5,Hybrid UDP N78-P60-K40,Hybrid UDP N78-P60-K40,demo_udp_reduced_n_hybrid,78.0,60.0,40.0,22.4,7850.0,6091.6,7083.2558139534885,7.083255813953489,udp_reduced_n
2019,2019 Hybrid strategy block,Demo,Surkhet,Ramghat,28.489830633625388,81.74146293662488,Hybrid,Hybrid,A1,Hybrid N120-P60-K40,Hybrid N120-P60-K40,demo_gr_hybrid,120.0,60.0,40.0,19.2,9397.0,7592.776,8828.80930232558,8.828809302325581,gr
2019,2019 Hybrid strategy block,Demo,Surkhet,Ramghat,28.49197795148939,81.74336923286319,Hybrid,Hybrid,A1,Hybrid N120-P60-K40,Hybrid N120-P60-K40,demo_gr_hybrid,120.0,60.0,40.0,17.8,14017.0,11521.974000000002,13397.644186046517,13.397644186046517,gr
2019,2019 Hybrid strategy block,Demo,Surkhet,Ramghat,28.487914907746017,81.7440648470074,Hybrid,Hybrid,A1,Hybrid N120-P60-K40,Hybrid N120-P60-K40,demo_gr_hybrid,120.0,60.0,40.0,21.0,10500.0,8295.0,9645.348837209303,9.645348837209303,gr
2019,2019 Hybrid strategy block,Demo,Surkhet,Ramghat,28.48777807317674,81.7445654142648,Hybrid,Hybrid,A1,Hybrid N120-P60-K40,Hybrid N120-P60-K40,demo_gr_hybrid,120.0,60.0,40.0,21.8,11613.0,9081.366,10559.727906976745,10.559727906976745,gr
2019,2019 Hybrid strategy block,Demo,Surkhet,Ramghat,28.489910010248423,81.74147073179483,Hybrid,Hybrid,A2,Hybrid FYM 6 t/ha + N120-P60-K40,Hybrid FYM 6 t/ha + N120-P60-K40,demo_fym_hybrid,120.0,60.0,40.0,19.3,10640.0,8586.48,9984.27906976744,9.98427906976744,fym
2019,2019 Hybrid strategy block,Demo,Surkhet,Ramghat,28.49198155570776,81.7433758545667,Hybrid,Hybrid,A2,Hybrid FYM 6 t/ha + N120-P60-K40,Hybrid FYM 6 t/ha + N120-P60-K40,demo_fym_hybrid,120.0,60.0,40.0,16.2,13163.0,11030.594,12826.272093023255,12.826272093023256,fym
2019,2019 Hybrid strategy block,Demo,Surkhet,Ramghat,28.48792224191129,81.7441319860518,Hybrid,Hybrid,A2,Hybrid FYM 6 t/ha + N120-P60-K40,Hybrid FYM 6 t/ha + N120-P60-K40,demo_fym_hybrid,120.0,60.0,40.0,20.9,11433.0,9043.503,10515.701162790696,10.515701162790696,fym
2019,2019 Hybrid strategy block,Demo,Surkhet,Ramghat,28.487758794799447,81.74448125995696,Hybrid,Hybrid,A2,Hybrid FYM 6 t/ha + N120-P60-K40,Hybrid FYM 6 t/ha + N120-P60-K40,demo_fym_hybrid,120.0,60.0,40.0,19.5,12447.0,10019.835,11650.970930232555,11.650970930232555,fym
2019,2019 Hybrid strategy block,Demo,Surkhet,Ramghat,28.489922499284148,81.74147316254675,Hybrid,Hybrid,A3,Hybrid Zn + N120-P60-K40,Hybrid Zn + N120-P60-K40,demo_zn_hybrid,120.0,60.0,40.0,14.5,11427.0,9770.085,11360.563953488372,11.360563953488372,zn
2019,2019 Hybrid strategy block,Demo,Surkhet,Ramghat,28.49198717158288,81.74341131001711,Hybrid,Hybrid,A3,Hybrid Zn + N120-P60-K40,Hybrid Zn + N120-P60-K40,demo_zn_hybrid,120.0,60.0,40.0,15.5,11617.0,9816.365,11414.377906976744,11.414377906976744,zn
2019,2019 Hybrid strategy block,Demo,Surkhet,Ramghat,28.48795593716204,81.74411128275096,Hybrid,Hybrid,A3,Hybrid Zn + N120-P60-K40,Hybrid Zn + N120-P60-K40,demo_zn_hybrid,120.0,60.0,40.0,22.0,9950.0,7761.0,9024.418604651162,9.024418604651162,zn
2019,2019 Hybrid strategy block,Demo,Surkhet,Ramghat,28.487752215005457,81.74448067322373,Hybrid,Hybrid,A3,Hybrid Zn + N120-P60-K40,Hybrid Zn + N120-P60-K40,demo_zn_hybrid,120.0,60.0,40.0,20.3,12780.0,10185.66,11843.790697674418,11.843790697674418,zn
2019,2019 Hybrid strategy block,Demo,Surkhet,Ramghat,28.48997421562672,81.74141163937747,Hybrid,Hybrid,A4,Hybrid PCU N60-P60-K40,Hybrid PCU N60-P60-K40,demo_pcu_half_n_hybrid,60.0,60.0,40.0,14.6,14200.0,12126.8,14100.93023255814,14.10093023255814,pcu_half_n
2019,2019 Hybrid strategy block,Demo,Surkhet,Ramghat,28.49204743746668,81.74342572689056,Hybrid,Hybrid,A4,Hybrid PCU N60-P60-K40,Hybrid PCU N60-P60-K40,demo_pcu_half_n_hybrid,60.0,60.0,40.0,15.7,13617.0,11479.131,13347.826744186046,13.347826744186046,pcu_half_n
2019,2019 Hybrid strategy block,Demo,Surkhet,Ramghat,28.487999229691923,81.7440939322114,Hybrid,Hybrid,A4,Hybrid PCU N60-P60-K40,Hybrid PCU N60-P60-K40,demo_pcu_half_n_hybrid,60.0,60.0,40.0,21.6,10383.0,8140.272000000001,9465.432558139535,9.465432558139534,pcu_half_n
2019,2019 Hybrid strategy block,Demo,Surkhet,Ramghat,28.48774794023484,81.74442929215729,Hybrid,Hybrid,A4,Hybrid PCU N60-P60-K40,Hybrid PCU N60-P60-K40,demo_pcu_half_n_hybrid,60.0,60.0,40.0,2.1,12910.0,12638.89,14696.383720930233,14.696383720930232,pcu_half_n
2019,2019 Hybrid strategy block,Demo,Surkhet,Ramghat,28.489961475133896,81.7414621822536,Hybrid,Hybrid,A5,Hybrid UDP N78-P60-K40,Hybrid UDP N78-P60-K40,demo_udp_reduced_n_hybrid,78.0,60.0,40.0,14.2,14977.0,12850.265999999998,14942.169767441856,14.942169767441856,udp_reduced_n
2019,2019 Hybrid strategy block,Demo,Surkhet,Ramghat,28.49202849436552,81.74340141937137,Hybrid,Hybrid,A5,Hybrid UDP N78-P60-K40,Hybrid UDP N78-P60-K40,demo_udp_reduced_n_hybrid,78.0,60.0,40.0,19.0,14140.0,11453.4,13317.906976744183,13.317906976744183,udp_reduced_n
2019,2019 Hybrid strategy block,Demo,Surkhet,Ramghat,28.48803527187556,81.74417213536799,Hybrid,Hybrid,A5,Hybrid UDP N78-P60-K40,Hybrid UDP N78-P60-K40,demo_udp_reduced_n_hybrid,78.0,60.0,40.0,20.5,10037.0,7979.415,9278.38953488372,9.27838953488372,udp_reduced_n
2019,2019 Hybrid strategy block,Demo,Surkhet,Ramghat,28.48772032186389,81.7443925794214,Hybrid,Hybrid,A5,Hybrid UDP N78-P60-K40,Hybrid UDP N78-P60-K40,demo_udp_reduced_n_hybrid,78.0,60.0,40.0,20.7,11813.0,9367.709,10892.68488372093,10.89268488372093,udp_reduced_n
2019,2019 OPV strategy block,Demo,Dang,Dhikpur,28.027029717341065,82.3708741273731,OPV,OPV,B1,OPV N120-P60-K40,OPV N120-P60-K40,demo_gr_opv,120.0,60.0,40.0,16.6,10000.0,8340.0,9697.67441860465,9.69767441860465,gr
2019,2019 OPV strategy block,Demo,Dang,Dhikpur,28.03008563350886,82.37662989646196,OPV,OPV,B1,OPV N120-P60-K40,OPV N120-P60-K40,demo_gr_opv,120.0,60.0,40.0,16.7,8000.0,6664.0,7748.837209302325,7.748837209302326,gr
2019,2019 OPV strategy block,Demo,Dang,Dhikpur,28.02703290246427,82.3708223272115,OPV,OPV,B2,OPV FYM 6 t/ha + N120-P60-K40,OPV FYM 6 t/ha + N120-P60-K40,demo_fym_opv,120.0,60.0,40.0,16.6,11667.0,9730.278,11314.276744186049,11.31427674418605,fym
2019,2019 OPV strategy block,Demo,Dang,Dhikpur,28.030072138644755,82.37666987814009,OPV,OPV,B2,OPV FYM 6 t/ha + N120-P60-K40,OPV FYM 6 t/ha + N120-P60-K40,demo_fym_opv,120.0,60.0,40.0,16.8,7667.0,6378.944,7417.376744186047,7.417376744186047,fym
2019,2019 OPV strategy block,Demo,Dang,Dhikpur,,,OPV,OPV,B3,OPV Zn + N120-P60-K40,OPV Zn + N120-P60-K40,demo_zn_opv,120.0,60.0,40.0,16.4,10000.0,8360.0,9720.93023255814,9.720930232558139,zn
2019,2019 OPV strategy block,Demo,Dang,Dhikpur,28.03005210589617,82.37671346403658,OPV,OPV,B3,OPV Zn + N120-P60-K40,OPV Zn + N120-P60-K40,demo_zn_opv,120.0,60.0,40.0,17.4,8667.0,7158.941999999999,8324.351162790697,8.324351162790697,zn
2019,2019 OPV strategy block,Demo,Dang,Dhikpur,28.027059598825872,82.37078092060983,OPV,OPV,B4,OPV PCU N60-P60-K40,OPV PCU N60-P60-K40,demo_pcu_half_n_opv,60.0,60.0,40.0,17.0,8333.0,6916.39,8042.313953488373,8.042313953488373,pcu_half_n
2019,2019 OPV strategy block,Demo,Dang,Dhikpur,28.03005143534392,82.3767106141895,OPV,OPV,B4,OPV PCU N60-P60-K40,OPV PCU N60-P60-K40,demo_pcu_half_n_opv,60.0,60.0,40.0,16.6,5000.0,4170.0,4848.837209302325,4.848837209302325,pcu_half_n
2019,2019 OPV strategy block,Demo,Dang,Dhikpur,28.027094090357423,82.37071017734706,OPV,OPV,B5,OPV UDP N78-P60-K40,OPV UDP N78-P60-K40,demo_udp_reduced_n_opv,78.0,60.0,40.0,17.0,6333.0,5256.39,6112.081395348838,6.112081395348838,udp_reduced_n
2019,2019 OPV strategy block,Demo,Dang,Dhikpur,28.03001916501671,82.37676157616079,OPV,OPV,B5,OPV UDP N78-P60-K40,OPV UDP N78-P60-K40,demo_udp_reduced_n_opv,78.0,60.0,40.0,16.6,6333.0,5281.722000000001,6141.537209302326,6.141537209302326,udp_reduced_n
2019,2019 OPV strategy block,Demo,Dang,Laxmipur,27.97634107992053,82.46355844661593,OPV,OPV,B1,OPV N120-P60-K40,OPV N120-P60-K40,demo_gr_opv,120.0,60.0,40.0,19.4,10667.0,8597.601999999999,9997.211627906976,9.997211627906976,gr
2019,2019 OPV strategy block,Demo,Dang,Laxmipur,27.99053788650781,82.51870022155344,OPV,OPV,B1,OPV N120-P60-K40,OPV N120-P60-K40,demo_gr_opv,120.0,60.0,40.0,18.8,10567.0,8580.404,9977.213953488374,9.977213953488373,gr
2019,2019 OPV strategy block,Demo,Dang,Laxmipur,27.9764004657045,82.4635253380984,OPV,OPV,B2,OPV FYM 6 t/ha + N120-P60-K40,OPV FYM 6 t/ha + N120-P60-K40,demo_fym_opv,120.0,60.0,40.0,21.4,11533.0,9064.938,10540.625581395348,10.540625581395348,fym
2019,2019 OPV strategy block,Demo,Dang,Laxmipur,27.990504316985607,82.51872637309134,OPV,OPV,B2,OPV FYM 6 t/ha + N120-P60-K40,OPV FYM 6 t/ha + N120-P60-K40,demo_fym_opv,120.0,60.0,40.0,21.2,10023.0,7898.124,9183.86511627907,9.18386511627907,fym
2019,2019 OPV strategy block,Demo,Dang,Laxmipur,27.976478207856417,82.46343615464866,OPV,OPV,B3,OPV Zn + N120-P60-K40,OPV Zn + N120-P60-K40,demo_zn_opv,120.0,60.0,40.0,18.1,10333.0,8462.727,9840.38023255814,9.84038023255814,zn
2019,2019 OPV strategy block,Demo,Dang,Laxmipur,27.99048700835556,82.51874489709735,OPV,OPV,B3,OPV Zn + N120-P60-K40,OPV Zn + N120-P60-K40,demo_zn_opv,120.0,60.0,40.0,19.5,7033.0,5661.565,6583.21511627907,6.58321511627907,zn
2019,2019 OPV strategy block,Demo,Dang,Laxmipur,27.97630616929382,82.46368325315416,OPV,OPV,B4,OPV PCU N60-P60-K40,OPV PCU N60-P60-K40,demo_pcu_half_n_opv,60.0,60.0,40.0,18.1,9200.0,7534.8,8761.39534883721,8.76139534883721,pcu_half_n
2019,2019 OPV strategy block,Demo,Dang,Laxmipur,27.99046106636524,82.51876023598015,OPV,OPV,B4,OPV PCU N60-P60-K40,OPV PCU N60-P60-K40,demo_pcu_half_n_opv,60.0,60.0,40.0,18.9,8833.0,7163.562999999999,8329.72441860465,8.32972441860465,pcu_half_n
2019,2019 OPV strategy block,Demo,Dang,Laxmipur,27.97649459447712,82.46347739361227,OPV,OPV,B5,OPV UDP N78-P60-K40,OPV UDP N78-P60-K40,demo_udp_reduced_n_opv,78.0,60.0,40.0,18.9,9250.0,7501.75,8722.96511627907,8.72296511627907,udp_reduced_n
2019,2019 OPV strategy block,Demo,Dang,Laxmipur,27.99041722901165,82.51883508637547,OPV,OPV,B5,OPV UDP N78-P60-K40,OPV UDP N78-P60-K40,demo_udp_reduced_n_opv,78.0,60.0,40.0,21.7,7300.0,5715.9,6646.395348837209,6.646395348837209,udp_reduced_n
2019,2019 OPV strategy block,Demo,Dang,Panchakule,28.134468868374825,82.11838312447071,OPV,OPV,B1,OPV N120-P60-K40,OPV N120-P60-K40,demo_gr_opv,120.0,60.0,40.0,20.4,7383.0,5876.868,6833.567441860465,6.833567441860465,gr
2019,2019 OPV strategy block,Demo,Dang,Panchakule,28.134450428187847,82.1184560470283,OPV,OPV,B2,OPV FYM 6 t/ha + N120-P60-K40,OPV FYM 6 t/ha + N120-P60-K40,demo_fym_opv,120.0,60.0,40.0,19.9,9643.0,7724.043,8981.44534883721,8.981445348837209,fym
2019,2019 OPV strategy block,Demo,Dang,Panchakule,28.1344320718199,82.1185202524066,OPV,OPV,B3,OPV Zn + N120-P60-K40,OPV Zn + N120-P60-K40,demo_zn_opv,120.0,60.0,40.0,19.5,7293.0,5870.865,6826.587209302325,6.826587209302326,zn
2019,2019 OPV strategy block,Demo,Dang,Panchakule,28.13432008959353,82.11855864152312,OPV,OPV,B4,OPV PCU N60-P60-K40,OPV PCU N60-P60-K40,demo_pcu_half_n_opv,60.0,60.0,40.0,19.7,9100.0,7307.3,8496.860465116279,8.496860465116278,pcu_half_n
2019,2019 OPV strategy block,Demo,Dang,Panchakule,28.134298087097704,82.11848261766136,OPV,OPV,B5,OPV UDP N78-P60-K40,OPV UDP N78-P60-K40,demo_udp_reduced_n_opv,78.0,60.0,40.0,19.7,9580.0,7692.74,8945.046511627907,8.945046511627906,udp_reduced_n
2019,2019 OPV strategy block,Demo,Dang,Purandhara,28.13490334432572,82.1226383652538,OPV,OPV,B1,OPV N120-P60-K40,OPV N120-P60-K40,demo_gr_opv,120.0,60.0,40.0,21.1,11353.0,8957.517,10415.717441860465,10.415717441860464,gr
2019,2019 OPV strategy block,Demo,Dang,Purandhara,28.06559036951512,82.44492002762854,OPV,OPV,B1,OPV N120-P60-K40,OPV N120-P60-K40,demo_gr_opv,120.0,60.0,40.0,21.1,4500.0,3550.5,4128.488372093023,4.128488372093023,gr
2019,2019 OPV strategy block,Demo,Dang,Purandhara,28.13485410064459,82.12264741770923,OPV,OPV,B2,OPV FYM 6 t/ha + N120-P60-K40,OPV FYM 6 t/ha + N120-P60-K40,demo_fym_opv,120.0,60.0,40.0,26.7,7850.0,5754.05,6690.7558139534885,6.690755813953489,fym
2019,2019 OPV strategy block,Demo,Dang,Purandhara,28.065625824965537,82.44497551582754,OPV,OPV,B2,OPV FYM 6 t/ha + N120-P60-K40,OPV FYM 6 t/ha + N120-P60-K40,demo_fym_opv,120.0,60.0,40.0,19.4,5600.0,4513.599999999999,5248.372093023255,5.248372093023255,fym
2019,2019 OPV strategy block,Demo,Dang,Purandhara,28.134811017662287,82.12273333221674,OPV,OPV,B3,OPV Zn + N120-P60-K40,OPV Zn + N120-P60-K40,demo_zn_opv,120.0,60.0,40.0,25.5,12253.0,9128.485,10614.517441860466,10.614517441860466,zn
2019,2019 OPV strategy block,Demo,Dang,Purandhara,28.065627124160528,82.44491131044924,OPV,OPV,B3,OPV Zn + N120-P60-K40,OPV Zn + N120-P60-K40,demo_zn_opv,120.0,60.0,40.0,21.2,4500.0,3546.0,4123.2558139534885,4.123255813953489,zn
2019,2019 OPV strategy block,Demo,Dang,Purandhara,28.134755571372807,82.12277247570455,OPV,OPV,B4,OPV PCU N60-P60-K40,OPV PCU N60-P60-K40,demo_pcu_half_n_opv,60.0,60.0,40.0,26.2,10953.0,8083.314,9399.202325581397,9.399202325581397,pcu_half_n
2019,2019 OPV strategy block,Demo,Dang,Purandhara,28.06570314802229,82.44487602263689,OPV,OPV,B4,OPV PCU N60-P60-K40,OPV PCU N60-P60-K40,demo_pcu_half_n_opv,60.0,60.0,40.0,19.6,3333.0,2679.732,3115.967441860465,3.115967441860465,pcu_half_n
2019,2019 OPV strategy block,Demo,Dang,Purandhara,28.134737885557115,82.12282486259937,OPV,OPV,B5,OPV UDP N78-P60-K40,OPV UDP N78-P60-K40,demo_udp_reduced_n_opv,78.0,60.0,40.0,21.4,7773.0,6109.578,7104.160465116279,7.104160465116279,udp_reduced_n
2019,2019 OPV strategy block,Demo,Dang,Purandhara,28.06573638226837,82.44482967071235,OPV,OPV,B5,OPV UDP N78-P60-K40,OPV UDP N78-P60-K40,demo_udp_reduced_n_opv,78.0,60.0,40.0,19.8,3417.0,2740.434,3186.551162790698,3.186551162790698,udp_reduced_n
2019,2019 OPV strategy block,Demo,Dang,Shantinagar,28.15772056113929,82.22713169641793,OPV,OPV,B1,OPV N120-P60-K40,OPV N120-P60-K40,demo_gr_opv,120.0,60.0,40.0,28.0,9300.0,6696.0,7786.046511627907,7.786046511627908,gr
2019,2019 OPV strategy block,Demo,Dang,Shantinagar,28.17383212968707,82.22785891033709,OPV,OPV,B1,OPV N120-P60-K40,OPV N120-P60-K40,demo_gr_opv,120.0,60.0,40.0,28.4,8700.0,6229.2,7243.255813953488,7.243255813953487,gr
2019,2019 OPV strategy block,Demo,Dang,Shantinagar,28.15769440960139,82.22725063562393,OPV,OPV,B2,OPV FYM 6 t/ha + N120-P60-K40,OPV FYM 6 t/ha + N120-P60-K40,demo_fym_opv,120.0,60.0,40.0,27.3,9667.0,7027.909000000001,8171.987209302326,8.171987209302326,fym
2019,2019 OPV strategy block,Demo,Dang,Shantinagar,28.17393711302429,82.22788564860821,OPV,OPV,B2,OPV FYM 6 t/ha + N120-P60-K40,OPV FYM 6 t/ha + N120-P60-K40,demo_fym_opv,120.0,60.0,40.0,31.7,7667.0,5236.561,6089.024418604651,6.089024418604651,fym
2019,2019 OPV strategy block,Demo,Dang,Shantinagar,28.157677478156984,82.22728072665632,OPV,OPV,B3,OPV Zn + N120-P60-K40,OPV Zn + N120-P60-K40,demo_zn_opv,120.0,60.0,40.0,25.0,9333.0,6999.75,8139.244186046511,8.139244186046511,zn
2019,2019 OPV strategy block,Demo,Dang,Shantinagar,28.173975124955177,82.22797374241054,OPV,OPV,B3,OPV Zn + N120-P60-K40,OPV Zn + N120-P60-K40,demo_zn_opv,120.0,60.0,40.0,33.8,8667.0,5737.554,6671.574418604651,6.671574418604651,zn
2019,2019 OPV strategy block,Demo,Dang,Shantinagar,28.157659666612744,82.22734719514847,OPV,OPV,B4,OPV PCU N60-P60-K40,OPV PCU N60-P60-K40,demo_pcu_half_n_opv,60.0,60.0,40.0,24.8,8333.0,6266.416,7286.53023255814,7.28653023255814,pcu_half_n
2019,2019 OPV strategy block,Demo,Dang,Shantinagar,28.173940465785563,82.22799771465361,OPV,OPV,B4,OPV PCU N60-P60-K40,OPV PCU N60-P60-K40,demo_pcu_half_n_opv,60.0,60.0,40.0,32.0,10000.0,6800.0,7906.976744186047,7.906976744186046,pcu_half_n
2019,2019 OPV strategy block,Demo,Dang,Shantinagar,28.157635987736285,82.22738591954112,OPV,OPV,B5,OPV UDP N78-P60-K40,OPV UDP N78-P60-K40,demo_udp_reduced_n_opv,78.0,60.0,40.0,31.3,8667.0,5954.229,6923.522093023256,6.923522093023256,udp_reduced_n
2019,2019 OPV strategy block,Demo,Dang,Shantinagar,28.173922528512776,82.2280532028526,OPV,OPV,B5,OPV UDP N78-P60-K40,OPV UDP N78-P60-K40,demo_udp_reduced_n_opv,78.0,60.0,40.0,31.5,9667.0,6621.895,7699.877906976745,7.699877906976745,udp_reduced_n
2019,2019 OPV strategy block,Demo,Dang,Shreegau,28.108062730170783,82.18287424184382,OPV,OPV,B1,OPV N120-P60-K40,OPV N120-P60-K40,demo_gr_opv,120.0,60.0,40.0,16.7,7883.0,6566.539000000001,7635.51046511628,7.63551046511628,gr
2019,2019 OPV strategy block,Demo,Dang,Shreegau,28.111741631291807,82.18972804024816,OPV,OPV,B1,OPV N120-P60-K40,OPV N120-P60-K40,demo_gr_opv,120.0,60.0,40.0,16.2,7317.0,6131.646,7129.820930232558,7.129820930232557,gr
2019,2019 OPV strategy block,Demo,Dang,Shreegau,28.10809080954641,82.18297063373029,OPV,OPV,B2,OPV FYM 6 t/ha + N120-P60-K40,OPV FYM 6 t/ha + N120-P60-K40,demo_fym_opv,120.0,60.0,40.0,17.2,8150.0,6748.2,7846.744186046511,7.846744186046511,fym
2019,2019 OPV strategy block,Demo,Dang,Shreegau,28.11190713196993,82.18970884568989,OPV,OPV,B2,OPV FYM 6 t/ha + N120-P60-K40,OPV FYM 6 t/ha + N120-P60-K40,demo_fym_opv,120.0,60.0,40.0,16.4,1717.0,1435.4119999999998,1669.0837209302324,1.6690837209302325,fym
2019,2019 OPV strategy block,Demo,Dang,Shreegau,28.107989304699004,82.18300181441009,OPV,OPV,B3,OPV Zn + N120-P60-K40,OPV Zn + N120-P60-K40,demo_zn_opv,120.0,60.0,40.0,17.4,8550.0,7062.3,8211.976744186048,8.211976744186048,zn
2019,2019 OPV strategy block,Demo,Dang,Shreegau,28.11188445892185,82.1896494179964,OPV,OPV,B3,OPV Zn + N120-P60-K40,OPV Zn + N120-P60-K40,demo_zn_opv,120.0,60.0,40.0,17.1,7267.0,6024.343000000001,7005.050000000001,7.005050000000001,zn
2019,2019 OPV strategy block,Demo,Dang,Shreegau,28.10802844818681,82.18311413191259,OPV,OPV,B4,OPV PCU N60-P60-K40,OPV PCU N60-P60-K40,demo_pcu_half_n_opv,60.0,60.0,40.0,17.3,6767.0,5596.309,6507.336046511628,6.507336046511629,pcu_half_n
2019,2019 OPV strategy block,Demo,Dang,Shreegau,28.11193181667477,82.18958294950426,OPV,OPV,B4,OPV PCU N60-P60-K40,OPV PCU N60-P60-K40,demo_pcu_half_n_opv,60.0,60.0,40.0,17.0,6967.0,5782.61,6723.96511627907,6.72396511627907,pcu_half_n
2019,2019 OPV strategy block,Demo,Dang,Shreegau,28.10786177404225,82.18312745913863,OPV,OPV,B5,OPV UDP N78-P60-K40,OPV UDP N78-P60-K40,demo_udp_reduced_n_opv,78.0,60.0,40.0,17.3,7817.0,6464.659000000001,7517.04534883721,7.51704534883721,udp_reduced_n
2019,2019 OPV strategy block,Demo,Dang,Shreegau,28.11197309754789,82.18953676521778,OPV,OPV,B5,OPV UDP N78-P60-K40,OPV UDP N78-P60-K40,demo_udp_reduced_n_opv,78.0,60.0,40.0,17.3,7233.0,5981.691,6955.454651162791,6.955454651162792,udp_reduced_n
2019,2019 OPV strategy block,Demo,Doti,Chhatiwan,29.07993044704199,80.59021390043199,OPV,OPV,B1,OPV N120-P60-K40,OPV N120-P60-K40,demo_gr_opv,120.0,60.0,40.0,22.5,4333.0,3358.075,3904.738372093023,3.904738372093023,gr
2019,2019 OPV strategy block,Demo,Doti,Chhatiwan,29.079946749843657,80.59022915549576,OPV,OPV,B2,OPV FYM 6 t/ha + N120-P60-K40,OPV FYM 6 t/ha + N120-P60-K40,demo_fym_opv,120.0,60.0,40.0,25.6,4111.0,3058.5840000000003,3556.4930232558145,3.5564930232558143,fym
2019,2019 OPV strategy block,Demo,Doti,Chhatiwan,29.080043602734804,80.59025413356721,OPV,OPV,B3,OPV Zn + N120-P60-K40,OPV Zn + N120-P60-K40,demo_zn_opv,120.0,60.0,40.0,25.0,4377.0,3282.75,3817.1511627906975,3.8171511627906973,zn
2019,2019 OPV strategy block,Demo,Doti,Chhatiwan,29.08000743482262,80.59020115993917,OPV,OPV,B4,OPV PCU N60-P60-K40,OPV PCU N60-P60-K40,demo_pcu_half_n_opv,60.0,60.0,40.0,25.0,4116.0,3087.0,3589.5348837209303,3.58953488372093,pcu_half_n
2019,2019 OPV strategy block,Demo,Doti,Chhatiwan,29.08010864630341,80.59022806584835,OPV,OPV,B5,OPV UDP N78-P60-K40,OPV UDP N78-P60-K40,demo_udp_reduced_n_opv,78.0,60.0,40.0,25.0,3555.0,2666.25,3100.290697674419,3.100290697674419,udp_reduced_n
2019,2019 OPV strategy block,Demo,Doti,Dipayal,29.255880089476705,80.93197141773999,OPV,OPV,B1,OPV N120-P60-K40,OPV N120-P60-K40,demo_gr_opv,120.0,60.0,40.0,17.9,3666.0,3009.786,3499.751162790697,3.499751162790697,gr
2019,2019 OPV strategy block,Demo,Doti,Dipayal,29.255899409763515,80.9320605173707,OPV,OPV,B2,OPV FYM 6 t/ha + N120-P60-K40,OPV FYM 6 t/ha + N120-P60-K40,demo_fym_opv,120.0,60.0,40.0,24.3,4111.0,3112.027,3618.636046511628,3.6186360465116283,fym
2019,2019 OPV strategy block,Demo,Doti,Dipayal,29.255880089476705,80.93197141773999,OPV,OPV,B3,OPV Zn + N120-P60-K40,OPV Zn + N120-P60-K40,demo_zn_opv,120.0,60.0,40.0,21.5,2777.0,2179.945,2534.8197674418607,2.534819767441861,zn
2019,2019 OPV strategy block,Demo,Doti,Dipayal,29.255880089476705,80.93197141773999,OPV,OPV,B4,OPV PCU N60-P60-K40,OPV PCU N60-P60-K40,demo_pcu_half_n_opv,60.0,60.0,40.0,27.6,2777.0,2010.548,2337.846511627907,2.337846511627907,pcu_half_n
2019,2019 OPV strategy block,Demo,Doti,Dipayal,29.25589006394148,80.93186597339809,OPV,OPV,B5,OPV UDP N78-P60-K40,OPV UDP N78-P60-K40,demo_udp_reduced_n_opv,78.0,60.0,40.0,27.3,3888.0,2826.5760000000005,3286.716279069768,3.286716279069768,udp_reduced_n
2019,2019 OPV strategy block,Demo,Doti,Ghanteshwor,29.13013398181647,80.57939864695072,OPV,OPV,B1,OPV N120-P60-K40,OPV N120-P60-K40,demo_gr_opv,120.0,60.0,40.0,20.5,3444.0,2737.98,3183.697674418605,3.183697674418605,gr
2019,2019 OPV strategy block,Demo,Doti,Ghanteshwor,29.12563780322671,80.57583508081734,OPV,OPV,B1,OPV N120-P60-K40,OPV N120-P60-K40,demo_gr_opv,120.0,60.0,40.0,23.9,4444.0,3381.884,3932.423255813953,3.9324232558139527,gr
2019,2019 OPV strategy block,Demo,Doti,Ghanteshwor,29.12533664144576,80.57594899088144,OPV,OPV,B1,OPV N120-P60-K40,OPV N120-P60-K40,demo_gr_opv,120.0,60.0,40.0,22.9,3444.0,2655.324,3087.5860465116275,3.0875860465116274,gr
2019,2019 OPV strategy block,Demo,Doti,Ghanteshwor,29.12990804761648,80.57892037555575,OPV,OPV,B2,OPV FYM 6 t/ha + N120-P60-K40,OPV FYM 6 t/ha + N120-P60-K40,demo_fym_opv,120.0,60.0,40.0,21.3,4000.0,3148.0,3660.4651162790697,3.66046511627907,fym
2019,2019 OPV strategy block,Demo,Doti,Ghanteshwor,29.125577956438065,80.57577339001,OPV,OPV,B2,OPV FYM 6 t/ha + N120-P60-K40,OPV FYM 6 t/ha + N120-P60-K40,demo_fym_opv,120.0,60.0,40.0,26.1,4333.0,3202.087,3723.356976744186,3.723356976744186,fym
2019,2019 OPV strategy block,Demo,Doti,Ghanteshwor,29.12530231755227,80.57588947936893,OPV,OPV,B2,OPV FYM 6 t/ha + N120-P60-K40,OPV FYM 6 t/ha + N120-P60-K40,demo_fym_opv,120.0,60.0,40.0,22.8,3974.0,3067.928,3567.358139534884,3.5673581395348837,fym
2019,2019 OPV strategy block,Demo,Doti,Ghanteshwor,29.129865299910307,80.57913654483855,OPV,OPV,B3,OPV Zn + N120-P60-K40,OPV Zn + N120-P60-K40,demo_zn_opv,120.0,60.0,40.0,21.3,4222.0,3322.7140000000004,3863.620930232559,3.863620930232559,zn
2019,2019 OPV strategy block,Demo,Doti,Ghanteshwor,29.125590613111854,80.57575084269047,OPV,OPV,B3,OPV Zn + N120-P60-K40,OPV Zn + N120-P60-K40,demo_zn_opv,120.0,60.0,40.0,28.3,3000.0,2151.0,2501.1627906976746,2.5011627906976748,zn
2019,2019 OPV strategy block,Demo,Doti,Ghanteshwor,29.12524674553424,80.57577959261835,OPV,OPV,B3,OPV Zn + N120-P60-K40,OPV Zn + N120-P60-K40,demo_zn_opv,120.0,60.0,40.0,21.2,2445.0,1926.66,2240.3023255813955,2.2403023255813954,zn
2019,2019 OPV strategy block,Demo,Doti,Ghanteshwor,29.129811278544366,80.57898122817278,OPV,OPV,B4,OPV PCU N60-P60-K40,OPV PCU N60-P60-K40,demo_pcu_half_n_opv,60.0,60.0,40.0,21.7,4222.0,3305.826,3843.983720930232,3.8439837209302317,pcu_half_n
2019,2019 OPV strategy block,Demo,Doti,Ghanteshwor,29.12559509743005,80.57570063509047,OPV,OPV,B4,OPV PCU N60-P60-K40,OPV PCU N60-P60-K40,demo_pcu_half_n_opv,60.0,60.0,40.0,22.7,3222.0,2490.606,2896.053488372093,2.8960534883720928,pcu_half_n
2019,2019 OPV strategy block,Demo,Doti,Ghanteshwor,29.12528752349317,80.57584497146308,OPV,OPV,B4,OPV PCU N60-P60-K40,OPV PCU N60-P60-K40,demo_pcu_half_n_opv,60.0,60.0,40.0,21.7,2556.0,2001.348,2327.148837209302,2.327148837209302,pcu_half_n
2019,2019 OPV strategy block,Demo,Doti,Ghanteshwor,29.12999718915671,80.57903872802854,OPV,OPV,B5,OPV UDP N78-P60-K40,OPV UDP N78-P60-K40,demo_udp_reduced_n_opv,78.0,60.0,40.0,22.0,3555.0,2772.9,3224.3023255813955,3.2243023255813954,udp_reduced_n
2019,2019 OPV strategy block,Demo,Doti,Ghanteshwor,29.125589397735894,80.57566761039197,OPV,OPV,B5,OPV UDP N78-P60-K40,OPV UDP N78-P60-K40,demo_udp_reduced_n_opv,78.0,60.0,40.0,24.0,3333.0,2533.08,2945.4418604651164,2.9454418604651162,udp_reduced_n
2019,2019 OPV strategy block,Demo,Doti,Ghanteshwor,29.12536220625043,80.57589836418629,OPV,OPV,B5,OPV UDP N78-P60-K40,OPV UDP N78-P60-K40,demo_udp_reduced_n_opv,78.0,60.0,40.0,25.0,2777.0,2082.75,2421.8023255813955,2.4218023255813956,udp_reduced_n
2019,2019 OPV strategy block,Demo,Kavre,Bhakundebesi,27.56216873880476,85.6495797727257,OPV,OPV,B1,OPV N120-P60-K40,OPV N120-P60-K40,demo_gr_opv,120.0,60.0,40.0,15.8,5500.0,4631.0,5384.883720930233,5.384883720930233,gr
2019,2019 OPV strategy block,Demo,Kavre,Bhakundebesi,27.56221115123481,85.64973877742887,OPV,OPV,B2,OPV FYM 6 t/ha + N120-P60-K40,OPV FYM 6 t/ha + N120-P60-K40,demo_fym_opv,120.0,60.0,40.0,21.8,5512.5,4310.775,5012.529069767442,5.012529069767441,fym
2019,2019 OPV strategy block,Demo,Kavre,Bhakundebesi,27.562290611676872,85.64945261925459,OPV,OPV,B3,OPV Zn + N120-P60-K40,OPV Zn + N120-P60-K40,demo_zn_opv,120.0,60.0,40.0,22.4,6000.0,4655.999999999999,5413.953488372092,5.4139534883720914,zn
2019,2019 OPV strategy block,Demo,Kavre,Bhakundebesi,27.562319529242814,85.64940677024424,OPV,OPV,B4,OPV PCU N60-P60-K40,OPV PCU N60-P60-K40,demo_pcu_half_n_opv,60.0,60.0,40.0,21.9,5500.0,4295.499999999999,4994.767441860464,4.994767441860464,pcu_half_n
2019,2019 OPV strategy block,Demo,Kavre,Bhakundebesi,27.56233595777303,85.6494539603591,OPV,OPV,B5,OPV UDP N78-P60-K40,OPV UDP N78-P60-K40,demo_udp_reduced_n_opv,78.0,60.0,40.0,22.6,5750.0,4450.500000000001,5175.000000000001,5.175000000000001,udp_reduced_n
2019,2019 OPV strategy block,Demo,Makwanpur,Radha Tiwari,,,OPV,OPV,B1,OPV N120-P60-K40,OPV N120-P60-K40,demo_gr_opv,120.0,60.0,40.0,20.7,5633.33,4467.230689999999,5194.454290697674,5.194454290697674,gr
2019,2019 OPV strategy block,Demo,Makwanpur,Radha Tiwari,,,OPV,OPV,B2,OPV FYM 6 t/ha + N120-P60-K40,OPV FYM 6 t/ha + N120-P60-K40,demo_fym_opv,120.0,60.0,40.0,20.7,5516.67,4374.71931,5086.8829186046505,5.08688291860465,fym
2019,2019 OPV strategy block,Demo,Makwanpur,Radha Tiwari,,,OPV,OPV,B3,OPV Zn + N120-P60-K40,OPV Zn + N120-P60-K40,demo_zn_opv,120.0,60.0,40.0,20.7,5333.33,4229.33069,4917.82638372093,4.9178263837209295,zn
2019,2019 OPV strategy block,Demo,Makwanpur,Radha Tiwari,,,OPV,OPV,B4,OPV PCU N60-P60-K40,OPV PCU N60-P60-K40,demo_pcu_half_n_opv,60.0,60.0,40.0,20.7,6433.33,5101.63069,5932.128709302326,5.932128709302326,pcu_half_n
2019,2019 OPV strategy block,Demo,Makwanpur,Radha Tiwari,,,OPV,OPV,B5,OPV UDP N78-P60-K40,OPV UDP N78-P60-K40,demo_udp_reduced_n_opv,78.0,60.0,40.0,20.7,6883.33,5458.48069,6347.070569767442,6.347070569767442,udp_reduced_n
2019,2019 OPV strategy block,Demo,Nuwakot,Ramchandra Acharya,27.88439583498985,85.15062938444316,OPV,OPV,B1,OPV N120-P60-K40,OPV N120-P60-K40,demo_gr_opv,120.0,60.0,40.0,19.8,5083.33,4076.83066,4740.50076744186,4.74050076744186,gr
2019,2019 OPV strategy block,Demo,Nuwakot,Ramchandra Acharya,,,OPV,OPV,B1,OPV N120-P60-K40,OPV N120-P60-K40,demo_gr_opv,120.0,60.0,40.0,19.8,5083.33,4076.83066,4740.50076744186,4.74050076744186,gr
2019,2019 OPV strategy block,Demo,Nuwakot,Ramchandra Acharya,27.884557018987834,85.15062846243382,OPV,OPV,B2,OPV FYM 6 t/ha + N120-P60-K40,OPV FYM 6 t/ha + N120-P60-K40,demo_fym_opv,120.0,60.0,40.0,19.8,6516.67,5226.36934,6077.173651162791,6.077173651162791,fym
2019,2019 OPV strategy block,Demo,Nuwakot,Ramchandra Acharya,,,OPV,OPV,B2,OPV FYM 6 t/ha + N120-P60-K40,OPV FYM 6 t/ha + N120-P60-K40,demo_fym_opv,120.0,60.0,40.0,20.7,6516.67,5167.71931,6008.975941860464,6.008975941860465,fym
2019,2019 OPV strategy block,Demo,Nuwakot,Ramchandra Acharya,27.88455161266029,85.15063944272697,OPV,OPV,B3,OPV Zn + N120-P60-K40,OPV Zn + N120-P60-K40,demo_zn_opv,120.0,60.0,40.0,19.8,6466.67,5186.26934,6030.545744186046,6.030545744186046,zn
2019,2019 OPV strategy block,Demo,Nuwakot,Ramchandra Acharya,,,OPV,OPV,B3,OPV Zn + N120-P60-K40,OPV Zn + N120-P60-K40,demo_zn_opv,120.0,60.0,40.0,20.7,6466.67,5128.06931,5962.871290697674,5.962871290697675,zn
2019,2019 OPV strategy block,Demo,Nuwakot,Ramchandra Acharya,27.884603748098016,85.15064187347889,OPV,OPV,B4,OPV PCU N60-P60-K40,OPV PCU N60-P60-K40,demo_pcu_half_n_opv,60.0,60.0,40.0,19.8,6550.0,5253.1,6108.2558139534885,6.108255813953488,pcu_half_n
2019,2019 OPV strategy block,Demo,Nuwakot,Ramchandra Acharya,,,OPV,OPV,B4,OPV PCU N60-P60-K40,OPV PCU N60-P60-K40,demo_pcu_half_n_opv,60.0,60.0,40.0,20.7,6550.0,5194.15,6039.709302325581,6.039709302325581,pcu_half_n
2019,2019 OPV strategy block,Demo,Nuwakot,Ramchandra Acharya,27.884665816091,85.15059032477438,OPV,OPV,B5,OPV UDP N78-P60-K40,OPV UDP N78-P60-K40,demo_udp_reduced_n_opv,78.0,60.0,40.0,19.8,5266.67,4223.86934,4911.4759767441865,4.911475976744186,udp_reduced_n
2019,2019 OPV strategy block,Demo,Nuwakot,Ramchandra Acharya,,,OPV,OPV,B5,OPV UDP N78-P60-K40,OPV UDP N78-P60-K40,demo_udp_reduced_n_opv,78.0,60.0,40.0,20.7,5266.67,4176.46931,4856.359662790697,4.856359662790697,udp_reduced_n
2019,2019 OPV strategy block,Demo,Palpa,Devinagar,27.808596566319466,83.69854713790119,OPV,OPV,B1,OPV N120-P60-K40,OPV N120-P60-K40,demo_gr_opv,120.0,60.0,40.0,21.5,8453.333333,6635.866666405001,7716.12403070349,7.716124030703489,gr
2019,2019 OPV strategy block,Demo,Palpa,Devinagar,27.80868507921696,83.6985617224127,OPV,OPV,B2,OPV FYM 6 t/ha + N120-P60-K40,OPV FYM 6 t/ha + N120-P60-K40,demo_fym_opv,120.0,60.0,40.0,23.0,9800.0,7546.0,8774.418604651162,8.774418604651162,fym
2019,2019 OPV strategy block,Demo,Palpa,Devinagar,27.80876562930644,83.69851687923074,OPV,OPV,B3,OPV Zn + N120-P60-K40,OPV Zn + N120-P60-K40,demo_zn_opv,120.0,60.0,40.0,22.4,9106.666667,7066.773333591999,8217.178294874418,8.217178294874419,zn
2019,2019 OPV strategy block,Demo,Palpa,Devinagar,27.80877392739057,83.69840229861438,OPV,OPV,B4,OPV PCU N60-P60-K40,OPV PCU N60-P60-K40,demo_pcu_half_n_opv,60.0,60.0,40.0,24.3,9426.666667,7135.986666919,8297.658915022093,8.297658915022094,pcu_half_n
2019,2019 OPV strategy block,Demo,Palpa,Devinagar,27.80887769535184,83.69836734607816,OPV,OPV,B5,OPV UDP N78-P60-K40,OPV UDP N78-P60-K40,demo_udp_reduced_n_opv,78.0,60.0,40.0,22.0,9746.666667,7602.40000026,8840.000000302325,8.840000000302325,udp_reduced_n
2019,2019 OPV strategy block,Demo,Salyan,Ajaya Gharti,28.21768620517105,82.38448969088495,OPV,OPV,B1,OPV N120-P60-K40,OPV N120-P60-K40,demo_gr_opv,120.0,60.0,40.0,30.0,14333.0,10033.1,11666.39534883721,11.66639534883721,gr
2019,2019 OPV strategy block,Demo,Salyan,Ajaya Gharti,28.2176551502198,82.3844676464796,OPV,OPV,B2,OPV FYM 6 t/ha + N120-P60-K40,OPV FYM 6 t/ha + N120-P60-K40,demo_fym_opv,120.0,60.0,40.0,30.0,13333.0,9333.1,10852.441860465116,10.852441860465117,fym
2019,2019 OPV strategy block,Demo,Salyan,Ajaya Gharti,28.217664705589414,82.38441048189998,OPV,OPV,B3,OPV Zn + N120-P60-K40,OPV Zn + N120-P60-K40,demo_zn_opv,120.0,60.0,40.0,31.0,14667.0,10120.23,11767.70930232558,11.76770930232558,zn
2019,2019 OPV strategy block,Demo,Salyan,Ajaya Gharti,28.217687462456524,82.3843732662499,OPV,OPV,B4,OPV PCU N60-P60-K40,OPV PCU N60-P60-K40,demo_pcu_half_n_opv,60.0,60.0,40.0,31.0,12667.0,8740.23,10163.058139534884,10.163058139534884,pcu_half_n
2019,2019 OPV strategy block,Demo,Salyan,Ajaya Gharti,28.217669944278896,82.38431928679347,OPV,OPV,B5,OPV UDP N78-P60-K40,OPV UDP N78-P60-K40,demo_udp_reduced_n_opv,78.0,60.0,40.0,30.0,10000.0,7000.0,8139.53488372093,8.13953488372093,udp_reduced_n
2019,2019 OPV strategy block,Demo,Salyan,Prem buda,28.248560442589223,82.33078214339912,OPV,OPV,B1,OPV N120-P60-K40,OPV N120-P60-K40,demo_gr_opv,120.0,60.0,40.0,25.8,8000.0,5936.0,6902.325581395349,6.902325581395349,gr
2019,2019 OPV strategy block,Demo,Salyan,Prem buda,28.248641160316765,82.33091575093567,OPV,OPV,B2,OPV FYM 6 t/ha + N120-P60-K40,OPV FYM 6 t/ha + N120-P60-K40,demo_fym_opv,120.0,60.0,40.0,27.4,6300.0,4573.799999999999,5318.372093023255,5.318372093023255,fym
2019,2019 OPV strategy block,Demo,Salyan,Prem buda,28.24866379145533,82.33086839318275,OPV,OPV,B3,OPV Zn + N120-P60-K40,OPV Zn + N120-P60-K40,demo_zn_opv,120.0,60.0,40.0,27.3,5933.0,4313.291,5015.454651162791,5.015454651162791,zn
2019,2019 OPV strategy block,Demo,Salyan,Prem buda,28.248787466436625,82.33105790801346,OPV,OPV,B4,OPV PCU N60-P60-K40,OPV PCU N60-P60-K40,demo_pcu_half_n_opv,60.0,60.0,40.0,28.9,7833.0,5569.262999999999,6475.887209302325,6.475887209302325,pcu_half_n
2019,2019 OPV strategy block,Demo,Salyan,Prem buda,28.248768816702068,82.33099672012031,OPV,OPV,B5,OPV UDP N78-P60-K40,OPV UDP N78-P60-K40,demo_udp_reduced_n_opv,78.0,60.0,40.0,28.7,8283.0,5905.779,6867.184883720931,6.867184883720931,udp_reduced_n
2019,2019 OPV strategy block,Demo,Salyan,Tham kumari mahatara,28.25859274249524,82.33751515857875,OPV,OPV,B1,OPV N120-P60-K40,OPV N120-P60-K40,demo_gr_opv,120.0,60.0,40.0,27.1,13333.0,9719.757,11302.043023255816,11.302043023255816,gr
2019,2019 OPV strategy block,Demo,Salyan,Tham kumari mahatara,28.25869315769524,82.33759361319244,OPV,OPV,B2,OPV FYM 6 t/ha + N120-P60-K40,OPV FYM 6 t/ha + N120-P60-K40,demo_fym_opv,120.0,60.0,40.0,28.1,14000.0,10066.000000000002,11704.6511627907,11.7046511627907,fym
2019,2019 OPV strategy block,Demo,Salyan,Tham kumari mahatara,28.25873075053096,82.33766242861748,OPV,OPV,B3,OPV Zn + N120-P60-K40,OPV Zn + N120-P60-K40,demo_zn_opv,120.0,60.0,40.0,30.2,13000.0,9074.0,10551.162790697674,10.551162790697674,zn
2019,2019 OPV strategy block,Demo,Salyan,Tham kumari mahatara,28.2589607918635,82.33757332898676,OPV,OPV,B4,OPV PCU N60-P60-K40,OPV PCU N60-P60-K40,demo_pcu_half_n_opv,60.0,60.0,40.0,30.1,11667.0,8155.233,9482.829069767442,9.482829069767442,pcu_half_n
2019,2019 OPV strategy block,Demo,Salyan,Tham kumari mahatara,28.258966449648145,82.33764692209661,OPV,OPV,B5,OPV UDP N78-P60-K40,OPV UDP N78-P60-K40,demo_udp_reduced_n_opv,78.0,60.0,40.0,29.9,12667.0,8879.567,10325.077906976743,10.325077906976743,udp_reduced_n
2019,2019 OPV strategy block,Demo,Surkhet,Babiyachaur,28.805264364928007,81.40046373009682,OPV,OPV,B1,OPV N120-P60-K40,OPV N120-P60-K40,demo_gr_opv,120.0,60.0,40.0,19.8,13380.0,10730.76,12477.627906976744,12.477627906976744,gr
2019,2019 OPV strategy block,Demo,Surkhet,Babiyachaur,28.80525317508728,81.40041846781969,OPV,OPV,B2,OPV FYM 6 t/ha + N120-P60-K40,OPV FYM 6 t/ha + N120-P60-K40,demo_fym_opv,120.0,60.0,40.0,18.7,13833.33,11246.49729,13077.32243023256,13.07732243023256,fym
2019,2019 OPV strategy block,Demo,Surkhet,Babiyachaur,28.80524429026991,81.40048116445541,OPV,OPV,B3,OPV Zn + N120-P60-K40,OPV Zn + N120-P60-K40,demo_zn_opv,120.0,60.0,40.0,21.0,14466.66,11428.6614,13289.141162790696,13.289141162790697,zn
2019,2019 OPV strategy block,Demo,Surkhet,Babiyachaur,28.805243535898622,81.40048041008413,OPV,OPV,B4,OPV PCU N60-P60-K40,OPV PCU N60-P60-K40,demo_pcu_half_n_opv,60.0,60.0,40.0,17.6,13883.33,11439.86392,13302.167348837207,13.302167348837207,pcu_half_n
2019,2019 OPV strategy block,Demo,Surkhet,Babiyachaur,28.80527928471565,81.40049943700433,OPV,OPV,B5,OPV UDP N78-P60-K40,OPV UDP N78-P60-K40,demo_udp_reduced_n_opv,78.0,60.0,40.0,20.4,13933.33,11090.93068,12896.431023255813,12.896431023255813,udp_reduced_n
2019,2019 OPV strategy block,Demo,Surkhet,Kalyan,28.50356698036194,81.7383087426424,OPV,OPV,B1,OPV N120-P60-K40,OPV N120-P60-K40,demo_gr_opv,120.0,60.0,40.0,20.0,8900.0,7120.0,8279.06976744186,8.279069767441861,gr
2019,2019 OPV strategy block,Demo,Surkhet,Kalyan,28.503583283163607,81.73835291527212,OPV,OPV,B2,OPV FYM 6 t/ha + N120-P60-K40,OPV FYM 6 t/ha + N120-P60-K40,demo_fym_opv,120.0,60.0,40.0,23.0,8593.0,6616.61,7693.732558139534,7.693732558139534,fym
2019,2019 OPV strategy block,Demo,Surkhet,Kalyan,28.50361073389649,81.73840488307178,OPV,OPV,B3,OPV Zn + N120-P60-K40,OPV Zn + N120-P60-K40,demo_zn_opv,120.0,60.0,40.0,24.0,10047.0,7635.72,8878.744186046511,8.87874418604651,zn
2019,2019 OPV strategy block,Demo,Surkhet,Kalyan,28.50377024151385,81.73840471543372,OPV,OPV,B4,OPV PCU N60-P60-K40,OPV PCU N60-P60-K40,demo_pcu_half_n_opv,60.0,60.0,40.0,24.3,9067.0,6863.719,7981.068604651163,7.9810686046511625,pcu_half_n
2019,2019 OPV strategy block,Demo,Surkhet,Kalyan,28.503744886256754,81.73845400102437,OPV,OPV,B5,OPV UDP N78-P60-K40,OPV UDP N78-P60-K40,demo_udp_reduced_n_opv,78.0,60.0,40.0,22.0,9157.0,7142.46,8305.186046511628,8.305186046511627,udp_reduced_n
2019,2019 OPV strategy block,Demo,Surkhet,Kunathari,28.713545599021018,81.50714431889355,OPV,OPV,B1,OPV N120-P60-K40,OPV N120-P60-K40,demo_gr_opv,120.0,60.0,40.0,20.4,8400.0,6686.4,7774.883720930232,7.774883720930232,gr
2019,2019 OPV strategy block,Demo,Surkhet,Kunathari,28.713538139127195,81.50715437717736,OPV,OPV,B2,OPV FYM 6 t/ha + N120-P60-K40,OPV FYM 6 t/ha + N120-P60-K40,demo_fym_opv,120.0,60.0,40.0,20.6,9183.0,7291.302000000001,8478.258139534884,8.478258139534883,fym
2019,2019 OPV strategy block,Demo,Surkhet,Kunathari,28.71349547524005,81.50716661475599,OPV,OPV,B3,OPV Zn + N120-P60-K40,OPV Zn + N120-P60-K40,demo_zn_opv,120.0,60.0,40.0,20.1,8007.0,6397.593000000001,7439.061627906978,7.439061627906979,zn
2019,2019 OPV strategy block,Demo,Surkhet,Kunathari,28.71344681829214,81.50714750401676,OPV,OPV,B4,OPV PCU N60-P60-K40,OPV PCU N60-P60-K40,demo_pcu_half_n_opv,60.0,60.0,40.0,19.7,7930.0,6367.79,7404.406976744186,7.404406976744186,pcu_half_n
2019,2019 OPV strategy block,Demo,Surkhet,Kunathari,28.71343797538429,81.50709084235132,OPV,OPV,B5,OPV UDP N78-P60-K40,OPV UDP N78-P60-K40,demo_udp_reduced_n_opv,78.0,60.0,40.0,20.6,8773.0,6965.762000000001,8099.723255813954,8.099723255813954,udp_reduced_n
2019,2019 OPV strategy block,Demo,Surkhet,Lekhpharsa,28.461620793677863,81.78076609969139,OPV,OPV,B1,OPV N120-P60-K40,OPV N120-P60-K40,demo_gr_opv,120.0,60.0,40.0,21.0,8307.0,6562.53,7630.8488372093025,7.630848837209302,gr
2019,2019 OPV strategy block,Demo,Surkhet,Lekhpharsa,28.461531149223447,81.78068831562996,OPV,OPV,B2,OPV FYM 6 t/ha + N120-P60-K40,OPV FYM 6 t/ha + N120-P60-K40,demo_fym_opv,120.0,60.0,40.0,19.9,9697.0,7767.297,9031.74069767442,9.03174069767442,fym
2019,2019 OPV strategy block,Demo,Surkhet,Lekhpharsa,28.46148022916168,81.78062704391778,OPV,OPV,B3,OPV Zn + N120-P60-K40,OPV Zn + N120-P60-K40,demo_zn_opv,120.0,60.0,40.0,20.8,8873.0,7027.416,8171.413953488372,8.171413953488372,zn
2019,2019 OPV strategy block,Demo,Surkhet,Lekhpharsa,28.461375539191067,81.78056032396853,OPV,OPV,B4,OPV PCU N60-P60-K40,OPV PCU N60-P60-K40,demo_pcu_half_n_opv,60.0,60.0,40.0,20.1,7207.0,5758.393,6695.805813953489,6.695805813953489,pcu_half_n
2019,2019 OPV strategy block,Demo,Surkhet,Lekhpharsa,28.46124662552029,81.78046552464366,OPV,OPV,B5,OPV UDP N78-P60-K40,OPV UDP N78-P60-K40,demo_udp_reduced_n_opv,78.0,60.0,40.0,18.9,10423.0,8453.053,9829.131395348835,9.829131395348835,udp_reduced_n
2019,2019 OPV strategy block,Demo,Surkhet,Maintada-2,28.44886051956564,81.7967619560659,OPV,OPV,B1,OPV N120-P60-K40,OPV N120-P60-K40,demo_gr_opv,120.0,60.0,40.0,21.7,7850.0,6146.55,7147.151162790698,7.147151162790698,gr
2019,2019 OPV strategy block,Demo,Surkhet,Maintada-2,28.44892128836364,81.79675525054336,OPV,OPV,B2,OPV FYM 6 t/ha + N120-P60-K40,OPV FYM 6 t/ha + N120-P60-K40,demo_fym_opv,120.0,60.0,40.0,19.6,7243.0,5823.372,6771.362790697674,6.771362790697674,fym
2019,2019 OPV strategy block,Demo,Surkhet,Maintada-2,28.44895971938968,81.79673672653735,OPV,OPV,B3,OPV Zn + N120-P60-K40,OPV Zn + N120-P60-K40,demo_zn_opv,120.0,60.0,40.0,19.5,7323.0,5895.015,6854.668604651163,6.854668604651163,zn
2019,2019 OPV strategy block,Demo,Surkhet,Maintada-2,28.44900351483375,81.79672641679645,OPV,OPV,B4,OPV PCU N60-P60-K40,OPV PCU N60-P60-K40,demo_pcu_half_n_opv,60.0,60.0,40.0,21.0,7283.0,5753.57,6690.197674418604,6.690197674418604,pcu_half_n
2019,2019 OPV strategy block,Demo,Surkhet,Maintada-2,28.44906499609351,81.79674309678376,OPV,OPV,B5,OPV UDP N78-P60-K40,OPV UDP N78-P60-K40,demo_udp_reduced_n_opv,78.0,60.0,40.0,20.4,6820.0,5428.72,6312.465116279071,6.31246511627907,udp_reduced_n
2019,2019 OPV strategy block,Demo,Surkhet,Ramghat,28.489845260046422,81.74151733517647,OPV,OPV,B1,OPV N120-P60-K40,OPV N120-P60-K40,demo_gr_opv,120.0,60.0,40.0,14.6,11380.0,9718.52,11300.604651162792,11.300604651162791,gr
2019,2019 OPV strategy block,Demo,Surkhet,Ramghat,28.49211897701025,81.74333956092596,OPV,OPV,B1,OPV N120-P60-K40,OPV N120-P60-K40,demo_gr_opv,120.0,60.0,40.0,15.5,9927.0,8388.315,9753.854651162792,9.753854651162792,gr
2019,2019 OPV strategy block,Demo,Surkhet,Ramghat,28.488039462827143,81.74415042623878,OPV,OPV,B1,OPV N120-P60-K40,OPV N120-P60-K40,demo_gr_opv,120.0,60.0,40.0,20.0,10627.0,8501.6,9885.581395348838,9.885581395348838,gr
2019,2019 OPV strategy block,Demo,Surkhet,Ramghat,28.48770619835705,81.74441169016063,OPV,OPV,B1,OPV N120-P60-K40,OPV N120-P60-K40,demo_gr_opv,120.0,60.0,40.0,18.4,14123.0,11524.368,13400.427906976744,13.400427906976743,gr
2019,2019 OPV strategy block,Demo,Surkhet,Ramghat,28.489768020808697,81.74155253916979,OPV,OPV,B2,OPV FYM 6 t/ha + N120-P60-K40,OPV FYM 6 t/ha + N120-P60-K40,demo_fym_opv,120.0,60.0,40.0,15.3,11440.0,9689.68,11267.06976744186,11.26706976744186,fym
2019,2019 OPV strategy block,Demo,Surkhet,Ramghat,28.49218909163028,81.74329991452396,OPV,OPV,B2,OPV FYM 6 t/ha + N120-P60-K40,OPV FYM 6 t/ha + N120-P60-K40,demo_fym_opv,120.0,60.0,40.0,15.2,13610.0,11541.28,13420.093023255817,13.420093023255816,fym
2019,2019 OPV strategy block,Demo,Surkhet,Ramghat,28.48803736735136,81.74416551366448,OPV,OPV,B2,OPV FYM 6 t/ha + N120-P60-K40,OPV FYM 6 t/ha + N120-P60-K40,demo_fym_opv,120.0,60.0,40.0,18.5,10700.0,8720.5,10140.116279069767,10.140116279069767,fym
2019,2019 OPV strategy block,Demo,Surkhet,Ramghat,28.48769823554904,81.74447522498667,OPV,OPV,B2,OPV FYM 6 t/ha + N120-P60-K40,OPV FYM 6 t/ha + N120-P60-K40,demo_fym_opv,120.0,60.0,40.0,19.4,9260.0,7463.56,8678.558139534884,8.678558139534884,fym
2019,2019 OPV strategy block,Demo,Surkhet,Ramghat,28.489770451560616,81.74159889109433,OPV,OPV,B3,OPV Zn + N120-P60-K40,OPV Zn + N120-P60-K40,demo_zn_opv,120.0,60.0,40.0,15.3,10923.0,9251.781,10757.88488372093,10.75788488372093,zn
2019,2019 OPV strategy block,Demo,Surkhet,Ramghat,28.492225678637624,81.74327669665217,OPV,OPV,B3,OPV Zn + N120-P60-K40,OPV Zn + N120-P60-K40,demo_zn_opv,120.0,60.0,40.0,14.9,10387.0,8839.337,10278.298837209302,10.278298837209302,zn
2019,2019 OPV strategy block,Demo,Surkhet,Ramghat,28.488109703175724,81.74418068490922,OPV,OPV,B3,OPV Zn + N120-P60-K40,OPV Zn + N120-P60-K40,demo_zn_opv,120.0,60.0,40.0,19.6,10337.0,8310.948,9663.893023255814,9.663893023255815,zn
2019,2019 OPV strategy block,Demo,Surkhet,Ramghat,28.48773863632232,81.74448410980403,OPV,OPV,B3,OPV Zn + N120-P60-K40,OPV Zn + N120-P60-K40,demo_zn_opv,120.0,60.0,40.0,19.6,9970.0,8015.88,9320.790697674418,9.320790697674418,zn
2019,2019 OPV strategy block,Demo,Surkhet,Ramghat,28.489708215929568,81.7416070215404,OPV,OPV,B4,OPV PCU N60-P60-K40,OPV PCU N60-P60-K40,demo_pcu_half_n_opv,60.0,60.0,40.0,14.2,12257.0,10516.506,12228.495348837208,12.228495348837209,pcu_half_n
2019,2019 OPV strategy block,Demo,Surkhet,Ramghat,28.49224738776684,81.74325590953231,OPV,OPV,B4,OPV PCU N60-P60-K40,OPV PCU N60-P60-K40,demo_pcu_half_n_opv,60.0,60.0,40.0,16.2,12737.0,10673.605999999998,12411.169767441856,12.411169767441855,pcu_half_n
2019,2019 OPV strategy block,Demo,Surkhet,Ramghat,28.488172525539994,81.7442731373012,OPV,OPV,B4,OPV PCU N60-P60-K40,OPV PCU N60-P60-K40,demo_pcu_half_n_opv,60.0,60.0,40.0,20.2,10670.0,8514.66,9900.767441860466,9.900767441860465,pcu_half_n
2019,2019 OPV strategy block,Demo,Surkhet,Ramghat,28.48778159357608,81.74450950697064,OPV,OPV,B4,OPV PCU N60-P60-K40,OPV PCU N60-P60-K40,demo_pcu_half_n_opv,60.0,60.0,40.0,19.5,10500.0,8452.5,9828.488372093025,9.828488372093025,pcu_half_n
2019,2019 OPV strategy block,Demo,Surkhet,Ramghat,28.48961379379034,81.74167298711836,OPV,OPV,B5,OPV UDP N78-P60-K40,OPV UDP N78-P60-K40,demo_udp_reduced_n_opv,78.0,60.0,40.0,14.3,14607.0,12518.199,14556.04534883721,14.556045348837209,udp_reduced_n
2019,2019 OPV strategy block,Demo,Surkhet,Ramghat,28.492277059704065,81.74323059618473,OPV,OPV,B5,OPV UDP N78-P60-K40,OPV UDP N78-P60-K40,demo_udp_reduced_n_opv,78.0,60.0,40.0,15.1,14140.0,12004.86,13959.13953488372,13.95913953488372,udp_reduced_n
2019,2019 OPV strategy block,Demo,Surkhet,Ramghat,28.4881920972839,81.74433189444244,OPV,OPV,B5,OPV UDP N78-P60-K40,OPV UDP N78-P60-K40,demo_udp_reduced_n_opv,78.0,60.0,40.0,17.9,13797.0,11327.337,13171.322093023256,13.171322093023257,udp_reduced_n
2019,2019 OPV strategy block,Demo,Surkhet,Ramghat,28.48780502099544,81.74454160965979,OPV,OPV,B5,OPV UDP N78-P60-K40,OPV UDP N78-P60-K40,demo_udp_reduced_n_opv,78.0,60.0,40.0,18.9,10907.0,8845.577,10285.55465116279,10.28555465116279,udp_reduced_n
