year,study,district,site,treatment,n_observations,mean_yield_t_ha,latitude,longitude
2017,2017 core trial,Dang,Dhikpur,N0-P0-K0,3,5.216,28.048357776666666,82.39325444333333
2017,2017 core trial,Dang,Dhikpur,N120-P60-K0,3,4.954999999999999,28.048351666666665,82.39326166333333
2017,2017 core trial,Dang,Dhuruwa,N0-P0-K0,3,7.4126666666666665,28.02734666666667,82.32579055333333
2017,2017 core trial,Dang,Dhuruwa,N120-P60-K0,3,6.357666666666667,28.02730055666667,82.32571722333334
2017,2017 core trial,Dang,Hapur,N0-P0-K0,2,3.718,28.092568335000003,82.427464165
2017,2017 core trial,Dang,Hapur,N120-P60-K0,2,4.2325,28.092501665,82.427404165
2017,2017 core trial,Dang,Laxmipur,N0-P0-K0,3,5.128333333333333,27.979784446666667,82.49197833666666
2017,2017 core trial,Dang,Laxmipur,N120-P60-K0,3,5.822333333333333,27.979815556666665,82.49192833333333
2017,2017 core trial,Dang,Panchakule,N0-P0-K0,1,6.879,28.13302667,82.10547167
2017,2017 core trial,Dang,Panchakule,N120-P60-K0,2,7.743,28.13377667,82.113289165
2017,2017 core trial,Dang,Pawannagar,N0-P0-K0,3,5.758,28.16375555666667,82.25674944333333
2017,2017 core trial,Dang,Pawannagar,N120-P60-K0,3,6.9430000000000005,28.163645003333333,82.25672055666666
2017,2017 core trial,Dang,Purandhara,N0-P0-K0,2,7.0045,28.18838167,82.09627166499999
2017,2017 core trial,Dang,Purandhara,N120-P60-K0,3,6.789666666666666,28.191680556666668,82.09879111
2017,2017 core trial,Dang,Shantinagar,N0-P0-K0,2,2.909,28.163495835,82.227500835
2017,2017 core trial,Dang,Shantinagar,N120-P60-K0,3,8.738,28.16539333333333,82.230055
2017,2017 core trial,Dang,Shreegau,N0-P0-K0,3,4.123666666666667,28.10635222,82.17907222000001
2017,2017 core trial,Dang,Shreegau,N120-P60-K0,3,6.331666666666667,28.106413333333336,82.179135
2017,2017 core trial,Surkhet,Babiyachaur,N0-P0-K0,2,7.4583,28.81500655,81.4036959
2017,2017 core trial,Surkhet,Babiyachaur,N120-P60-K0,3,11.777733333333332,28.8186626,81.40618346666666
2017,2017 core trial,Surkhet,Gadhi,N0-P0-K0,2,4.58,28.646166535,81.602908275
2017,2017 core trial,Surkhet,Gadhi,N120-P60-K0,2,11.44335,28.64615054,81.60291377
2017,2017 core trial,Surkhet,Ghumkhare,N0-P0-K0,1,7.76,28.4405855,81.897729
2017,2017 core trial,Surkhet,Ghumkhare,N120-P60-K0,3,10.49,28.4394542,81.89756616666666
2017,2017 core trial,Surkhet,Guthu,N0-P0-K0,2,6.74995,28.84796725,81.30250335
2017,2017 core trial,Surkhet,Guthu,N120-P60-K0,3,11.177766666666665,28.843899866666664,81.30401166666667
2017,2017 core trial,Surkhet,Kalyan,N0-P0-K0,3,6.695533333333334,28.502932533333333,81.7376539
2017,2017 core trial,Surkhet,Kalyan,N120-P60-K0,3,9.5,28.502913233333334,81.73767813333333
2017,2017 core trial,Surkhet,Lekhpharsa,N0-P0-K0,3,6.666666666666667,28.4738802,81.8085626
2017,2017 core trial,Surkhet,Lekhpharsa,N120-P60-K0,3,10.286666666666667,28.4738694,81.80859646666666
2017,2017 core trial,Surkhet,Maintada-3,N0-P0-K0,2,4.3917,28.44182313,81.811789725
2017,2017 core trial,Surkhet,Maintada-3,N120-P60-K0,3,8.0189,28.444805446666667,81.80526825999999
2017,2017 core trial,Surkhet,Maintada-4,N0-P0-K0,3,6.1444333333333345,28.41983702666667,81.79545996
2017,2017 core trial,Surkhet,Maintada-4,N120-P60-K0,3,9.055566666666666,28.419788056666665,81.79544834666667
2017,2017 core trial,Surkhet,Neta,N0-P0-K0,2,6.24165,28.5500672,81.79385289999999
2017,2017 core trial,Surkhet,Neta,N120-P60-K0,3,12.200000000000001,28.545114566666665,81.7916475
2017,2017 core trial,Surkhet,Ramghat,N0-P0-K0,2,3.565,28.48765855,81.74367765
2017,2017 core trial,Surkhet,Ramghat,N120-P60-K0,3,11.423333333333332,28.489562199999998,81.7429324
2018,"2018 N source, timing and FYM trial",Dang,Dhikpur,N0-P0-K0,3,6.764,28.03391279666667,82.37340188666666
2018,"2018 N source, timing and FYM trial",Dang,Dhuruwa,N0-P0-K0,2,7.84,28.0214401,82.324663355
2018,"2018 N source, timing and FYM trial",Dang,Hapur,N0-P0-K0,3,5.077,28.09042332333333,82.42107370666666
2018,"2018 N source, timing and FYM trial",Dang,Laxmipur,N0-P0-K0,3,4.576,27.977860356666667,82.46365075666667
2018,"2018 N source, timing and FYM trial",Dang,Panchakaule,N0-P0-K0,4,5.73725,28.1161630325,82.1663612875
2018,"2018 N source, timing and FYM trial",Dang,Pawannagar,N0-P0-K0,3,5.823666666666667,28.170461486666667,82.26025555333332
2018,"2018 N source, timing and FYM trial",Dang,Purandhara,N0-P0-K0,3,6.321000000000001,28.18757538,82.09799106999999
2018,"2018 N source, timing and FYM trial",Dang,Shantinagar,N0-P0-K0,3,5.864999999999999,28.165601226666666,82.22548920666667
2018,"2018 N source, timing and FYM trial",Doti,Chattiwan,N0-P0-K0,3,5.692666666666667,29.082114223333335,80.59343073666666
2018,"2018 N source, timing and FYM trial",Doti,Ghantesori,N0-P0-K0,3,6.147333333333333,29.14426466,80.60338441
2018,"2018 N source, timing and FYM trial",Kavre,Anekot,N0-P0-K0,3,4.339666666666667,27.660109935,85.58735226499999
2018,"2018 N source, timing and FYM trial",Kavre,Bhakundebesi,N0-P0-K0,3,6.609999999999999,27.55796954,85.66623484333333
2018,"2018 N source, timing and FYM trial",Kavre,Rabiopi,N0-P0-K0,3,6.636,27.647593686666667,85.56457121666666
2018,"2018 N source, timing and FYM trial",Palpa,Chidipani,N0-P0-K0,2,4.1345,,
2018,"2018 N source, timing and FYM trial",Palpa,Devinagar,N0-P0-K0,3,4.800333333333334,,
2018,"2018 N source, timing and FYM trial",Palpa,Khasyauli,N0-P0-K0,3,4.608666666666667,,
2018,"2018 N source, timing and FYM trial",Palpa,Madanpokhara,N0-P0-K0,3,4.177333333333333,,
2018,"2018 N source, timing and FYM trial",Surkhet,Babiyachaur,N0-P0-K0,3,7.1049999999999995,28.80487094,81.39947722333334
2018,"2018 N source, timing and FYM trial",Surkhet,Gadhi,N0-P0-K0,3,5.639666666666667,28.639586156666667,81.59303340000001
2018,"2018 N source, timing and FYM trial",Surkhet,Guthu,N0-P0-K0,1,5.606,28.83355282,81.30625304
2018,"2018 N source, timing and FYM trial",Surkhet,Kalyan,N0-P0-K0,3,6.9993333333333325,28.504863209999996,81.73678872666666
2018,"2018 N source, timing and FYM trial",Surkhet,Kunathari,N0-P0-K0,3,6.386,28.712912793333334,81.51043158
2018,"2018 N source, timing and FYM trial",Surkhet,Lekhpharsa,N0-P0-K0,3,6.067333333333333,28.464980496666666,81.79504277666666
2018,"2018 N source, timing and FYM trial",Surkhet,Maintada-1,N0-P0-K0,2,7.2225,28.443077035,81.796519225
2018,"2018 N source, timing and FYM trial",Surkhet,Maintada-2,N0-P0-K0,2,5.8614999999999995,28.423924309999997,81.79686587
2018,"2018 N source, timing and FYM trial",Surkhet,Maintada-8,N0-P0-K0,1,6.202,28.44624253,81.81802132
2018,"2018 N source, timing and FYM trial",Surkhet,Maintada-9,N0-P0-K0,1,7.539,28.43196607,81.80337762
2018,"2018 N source, timing and FYM trial",Surkhet,Ramghat,N0-P0-K0,3,6.749333333333333,28.488468549999997,81.74245902
2019,2019 T1-T10 core trial,Dang,Dhikpur,N0-P0-K0,2,5.545,28.04030436789617,82.37343949265778
2019,2019 T1-T10 core trial,Dang,Dhikpur,N120-P60-K0,2,7.3505,28.04027337580919,82.3734609503299
2019,2019 T1-T10 core trial,Dang,Laxmipur,N0-P0-K0,2,5.8759999999999994,27.978472283575684,82.46626035310328
2019,2019 T1-T10 core trial,Dang,Laxmipur,N120-P60-K0,2,12.051,27.97845642082393,82.46627259068191
2019,2019 T1-T10 core trial,Dang,Panchakule,N0-P0-K0,1,6.28,28.133885068818927,82.11858672089875
2019,2019 T1-T10 core trial,Dang,Panchakule,N120-P60-K0,2,9.5955,28.13421384897083,82.12080352474004
2019,2019 T1-T10 core trial,Dang,Shantinagar,N0-P0-K0,2,5.739,28.165736510418355,82.22757803276181
2019,2019 T1-T10 core trial,Dang,Shantinagar,N120-P60-K0,2,8.295,28.165783658623695,82.22753591369838
2019,2019 T1-T10 core trial,Dang,Shreegau,N0-P0-K0,2,4.588,28.109726223628968,82.1861732751131
2019,2019 T1-T10 core trial,Dang,Shreegau,N120-P60-K0,2,9.7335,28.109598944429308,82.18603329733014
2019,2019 T1-T10 core trial,Doti,Chhatiwan,N0-P0-K0,2,6.86934,29.080732406582683,80.59062398504466
2019,2019 T1-T10 core trial,Doti,Chhatiwan,N120-P60-K0,2,8.84082,29.08085274975746,80.59047830756754
2019,2019 T1-T10 core trial,Doti,Dipayal,N0-P0-K0,2,7.31943,29.254705177154392,80.93250538688153
2019,2019 T1-T10 core trial,Doti,Dipayal,N120-P60-K0,3,9.536673333333333,29.254723428748548,80.93256496824324
2019,2019 T1-T10 core trial,Doti,Ghanteshwor,N0-P0-K0,5,7.226999999999999,29.124270781874657,80.58113303035498
2019,2019 T1-T10 core trial,Doti,Ghanteshwor,N120-P60-K0,5,11.33,29.124719590879977,80.5813794080168
2019,2019 T1-T10 core trial,Kavre,Bhakundebesi,N0-P0-K0,2,2.926757,27.55687133409083,85.66755250096321
2019,2019 T1-T10 core trial,Kavre,Bhakundebesi,N120-P60-K0,2,6.233759,27.557067177258432,85.6676068995148
2019,2019 T1-T10 core trial,Kavre,Rabiopi,N0-P0-K0,4,3.3426345,27.65032968018204,85.57625262066722
2019,2019 T1-T10 core trial,Kavre,Rabiopi,N120-P60-K0,4,6.5742245,27.6502989185974,85.57615798898041
2019,2019 T1-T10 core trial,Makwanpur,Radha Tiwari,N0-P0-K0,1,2.7423200000000003,,
2019,2019 T1-T10 core trial,Makwanpur,Radha Tiwari,N120-P60-K0,1,6.31306,,
2019,2019 T1-T10 core trial,Nuwakot,Dip Acharya,N0-P0-K0,1,6.008915,27.88490277249366,85.15011859126389
2019,2019 T1-T10 core trial,Nuwakot,Dip Acharya,N120-P60-K0,1,7.509767,27.88483466953039,85.14994843862951
2019,2019 T1-T10 core trial,Nuwakot,Ramchandra Acharya,N0-P0-K0,1,1.620814,27.88436595350504,85.15049275942147
2019,2019 T1-T10 core trial,Nuwakot,Ramchandra Acharya,N120-P60-K0,1,8.165233,27.884380035102367,85.15034993179142
2019,2019 T1-T10 core trial,Palpa,Chidi pani,N0-P0-K0,2,8.049409091000001,27.866792811546475,83.54835881385952
2019,2019 T1-T10 core trial,Palpa,Chidi pani,N120-P60-K0,2,9.2233371215,27.866875184699893,83.5483809420839
2019,2019 T1-T10 core trial,Palpa,Devinagar,N0-P0-K0,2,5.6600776515,27.80927832936868,83.69689271785319
2019,2019 T1-T10 core trial,Palpa,Devinagar,N120-P60-K0,2,7.923666666499999,27.808238219004124,83.69631214533001
2019,2019 T1-T10 core trial,Palpa,Khasyauli,N0-P0-K0,2,5.869181818,27.884576926007867,83.47849837504327
2019,2019 T1-T10 core trial,Palpa,Khasyauli,N120-P60-K0,2,3.5767613320000002,27.88487980607897,83.47851279191673
2019,2019 T1-T10 core trial,Salyan,Jhuplal gharti,N0-P0-K0,1,6.973,28.21787660010159,82.38465665839612
2019,2019 T1-T10 core trial,Salyan,Jhuplal gharti,N120-P60-K0,1,9.579,28.217901745811105,82.38466445356607
2019,2019 T1-T10 core trial,Salyan,Sharadha sharma,N120-P60-K0,1,11.624,28.22900190018117,82.3529542889446
2019,2019 T1-T10 core trial,Surkhet,Babiyachaur,N120-P60-K0,2,13.152135,28.805154813453555,81.39994719531387
2019,2019 T1-T10 core trial,Surkhet,Kalyan,N0-P0-K0,2,6.977,28.501449334435165,81.74196999985725
2019,2019 T1-T10 core trial,Surkhet,Kalyan,N120-P60-K0,2,8.6745,28.501500946003944,81.74195281695575
2019,2019 T1-T10 core trial,Surkhet,Kunathari,N0-P0-K0,2,6.712999999999999,28.714268475305285,81.50840390939265
2019,2019 T1-T10 core trial,Surkhet,Kunathari,N120-P60-K0,2,7.792,28.714250391349196,81.50839255191386
2019,2019 T1-T10 core trial,Surkhet,Lekhpharsa,N0-P0-K0,2,5.964499999999999,28.465115900617093,81.79057833272964
2019,2019 T1-T10 core trial,Surkhet,Lekhpharsa,N120-P60-K0,2,8.6735,28.465049306396395,81.79046781733632
2019,2019 T1-T10 core trial,Surkhet,Maintada-2,N0-P0-K0,2,4.5675,28.447788599878553,81.79641825612634
2019,2019 T1-T10 core trial,Surkhet,Maintada-2,N120-P60-K0,2,6.32,28.447805761825293,81.7964141909033
2019,2019 T1-T10 core trial,Surkhet,Ramghat,N0-P0-K0,5,5.5158000000000005,28.489945985376835,81.74423437938094
2019,2019 T1-T10 core trial,Surkhet,Ramghat,N120-P60-K0,5,10.9032,28.489978440105915,81.7442086469382
