year,study,district,site,variety_group,treatment_role,mean_yield_t_ha,latitude,longitude,n
2017,2017 core trial,Dang,Dhikpur,Hybrid,k_omission,4.954999999999999,28.048351666666665,82.39326166333333,3
2017,2017 core trial,Dang,Dhikpur,Hybrid,soil_background,5.216,28.048357776666666,82.39325444333333,3
2017,2017 core trial,Dang,Dhuruwa,Hybrid,k_omission,6.357666666666667,28.02730055666667,82.32571722333334,3
2017,2017 core trial,Dang,Dhuruwa,Hybrid,soil_background,7.4126666666666665,28.02734666666667,82.32579055333333,3
2017,2017 core trial,Dang,Hapur,Hybrid,k_omission,4.2325,28.092501665,82.427404165,2
2017,2017 core trial,Dang,Hapur,Hybrid,soil_background,3.718,28.092568335000003,82.427464165,2
2017,2017 core trial,Dang,Laxmipur,Hybrid,k_omission,5.822333333333333,27.979815556666665,82.49192833333333,3
2017,2017 core trial,Dang,Laxmipur,Hybrid,soil_background,5.128333333333333,27.979784446666667,82.49197833666666,3
2017,2017 core trial,Dang,Panchakule,Hybrid,k_omission,7.743,28.13377667,82.113289165,2
2017,2017 core trial,Dang,Panchakule,Hybrid,soil_background,6.879,28.13302667,82.10547167,1
2017,2017 core trial,Dang,Pawannagar,Hybrid,k_omission,6.9430000000000005,28.163645003333333,82.25672055666666,3
2017,2017 core trial,Dang,Pawannagar,Hybrid,soil_background,5.758,28.16375555666667,82.25674944333333,3
2017,2017 core trial,Dang,Purandhara,Hybrid,k_omission,6.789666666666666,28.191680556666668,82.09879111,3
2017,2017 core trial,Dang,Purandhara,Hybrid,soil_background,7.0045,28.18838167,82.09627166499999,2
2017,2017 core trial,Dang,Shantinagar,Hybrid,k_omission,8.738,28.16539333333333,82.230055,3
2017,2017 core trial,Dang,Shantinagar,Hybrid,soil_background,2.909,28.163495835,82.227500835,2
2017,2017 core trial,Dang,Shreegau,Hybrid,k_omission,6.331666666666667,28.106413333333336,82.179135,3
2017,2017 core trial,Dang,Shreegau,Hybrid,soil_background,4.123666666666667,28.10635222,82.17907222000001,3
2017,2017 core trial,Surkhet,Babiyachaur,Hybrid,k_omission,11.777733333333332,28.8186626,81.40618346666666,3
2017,2017 core trial,Surkhet,Babiyachaur,Hybrid,soil_background,7.4583,28.81500655,81.4036959,2
2017,2017 core trial,Surkhet,Gadhi,Hybrid,k_omission,11.44335,28.64615054,81.60291377,2
2017,2017 core trial,Surkhet,Gadhi,Hybrid,soil_background,4.58,28.646166535,81.602908275,2
2017,2017 core trial,Surkhet,Ghumkhare,Hybrid,k_omission,10.49,28.4394542,81.89756616666666,3
2017,2017 core trial,Surkhet,Ghumkhare,Hybrid,soil_background,7.76,28.4405855,81.897729,1
2017,2017 core trial,Surkhet,Guthu,Hybrid,k_omission,11.177766666666665,28.843899866666664,81.30401166666667,3
2017,2017 core trial,Surkhet,Guthu,Hybrid,soil_background,6.74995,28.84796725,81.30250335,2
2017,2017 core trial,Surkhet,Kalyan,Hybrid,k_omission,9.5,28.502913233333334,81.73767813333333,3
2017,2017 core trial,Surkhet,Kalyan,Hybrid,soil_background,6.695533333333334,28.502932533333333,81.7376539,3
2017,2017 core trial,Surkhet,Lekhpharsa,Hybrid,k_omission,10.286666666666667,28.4738694,81.80859646666666,3
2017,2017 core trial,Surkhet,Lekhpharsa,Hybrid,soil_background,6.666666666666667,28.4738802,81.8085626,3
2017,2017 core trial,Surkhet,Maintada-3,Hybrid,k_omission,8.0189,28.444805446666667,81.80526825999999,3
2017,2017 core trial,Surkhet,Maintada-3,Hybrid,soil_background,4.3917,28.44182313,81.811789725,2
2017,2017 core trial,Surkhet,Maintada-4,Hybrid,k_omission,9.055566666666666,28.419788056666665,81.79544834666667,3
2017,2017 core trial,Surkhet,Maintada-4,Hybrid,soil_background,6.1444333333333345,28.41983702666667,81.79545996,3
2017,2017 core trial,Surkhet,Neta,Hybrid,k_omission,12.200000000000001,28.545114566666665,81.7916475,3
2017,2017 core trial,Surkhet,Neta,Hybrid,soil_background,6.24165,28.5500672,81.79385289999999,2
2017,2017 core trial,Surkhet,Ramghat,Hybrid,k_omission,11.423333333333332,28.489562199999998,81.7429324,3
2017,2017 core trial,Surkhet,Ramghat,Hybrid,soil_background,3.565,28.48765855,81.74367765,2
2018,"2018 N source, timing and FYM trial",Dang,Dhikpur,All maize,soil_background,6.764,28.03391279666667,82.37340188666666,3
2018,"2018 N source, timing and FYM trial",Dang,Dhuruwa,All maize,soil_background,7.84,28.0214401,82.324663355,2
2018,"2018 N source, timing and FYM trial",Dang,Hapur,All maize,soil_background,5.077,28.09042332333333,82.42107370666666,3
2018,"2018 N source, timing and FYM trial",Dang,Laxmipur,All maize,soil_background,4.576,27.977860356666667,82.46365075666667,3
2018,"2018 N source, timing and FYM trial",Dang,Panchakaule,All maize,soil_background,5.73725,28.1161630325,82.1663612875,4
2018,"2018 N source, timing and FYM trial",Dang,Pawannagar,All maize,soil_background,5.823666666666667,28.170461486666667,82.26025555333332,3
2018,"2018 N source, timing and FYM trial",Dang,Purandhara,All maize,soil_background,6.321000000000001,28.18757538,82.09799106999999,3
2018,"2018 N source, timing and FYM trial",Dang,Shantinagar,All maize,soil_background,5.864999999999999,28.165601226666666,82.22548920666667,3
2018,"2018 N source, timing and FYM trial",Doti,Chattiwan,All maize,soil_background,5.692666666666667,29.082114223333335,80.59343073666666,3
2018,"2018 N source, timing and FYM trial",Doti,Ghantesori,All maize,soil_background,6.147333333333333,29.14426466,80.60338441,3
2018,"2018 N source, timing and FYM trial",Kavre,Anekot,All maize,soil_background,4.339666666666667,27.660109935,85.58735226499999,3
2018,"2018 N source, timing and FYM trial",Kavre,Bhakundebesi,All maize,soil_background,6.609999999999999,27.55796954,85.66623484333333,3
2018,"2018 N source, timing and FYM trial",Kavre,Rabiopi,All maize,soil_background,6.636,27.647593686666667,85.56457121666666,3
2018,"2018 N source, timing and FYM trial",Palpa,Chidipani,All maize,soil_background,4.1345,,,2
2018,"2018 N source, timing and FYM trial",Palpa,Devinagar,All maize,soil_background,4.800333333333334,,,3
2018,"2018 N source, timing and FYM trial",Palpa,Khasyauli,All maize,soil_background,4.608666666666667,,,3
2018,"2018 N source, timing and FYM trial",Palpa,Madanpokhara,All maize,soil_background,4.177333333333333,,,3
2018,"2018 N source, timing and FYM trial",Surkhet,Babiyachaur,All maize,soil_background,7.1049999999999995,28.80487094,81.39947722333334,3
2018,"2018 N source, timing and FYM trial",Surkhet,Gadhi,All maize,soil_background,5.639666666666667,28.639586156666667,81.59303340000001,3
2018,"2018 N source, timing and FYM trial",Surkhet,Guthu,All maize,soil_background,5.606,28.83355282,81.30625304,1
2018,"2018 N source, timing and FYM trial",Surkhet,Kalyan,All maize,soil_background,6.9993333333333325,28.504863209999996,81.73678872666666,3
2018,"2018 N source, timing and FYM trial",Surkhet,Kunathari,All maize,soil_background,6.386,28.712912793333334,81.51043158,3
2018,"2018 N source, timing and FYM trial",Surkhet,Lekhpharsa,All maize,soil_background,6.067333333333333,28.464980496666666,81.79504277666666,3
2018,"2018 N source, timing and FYM trial",Surkhet,Maintada-1,All maize,soil_background,7.2225,28.443077035,81.796519225,2
2018,"2018 N source, timing and FYM trial",Surkhet,Maintada-2,All maize,soil_background,5.8614999999999995,28.423924309999997,81.79686587,2
2018,"2018 N source, timing and FYM trial",Surkhet,Maintada-8,All maize,soil_background,6.202,28.44624253,81.81802132,1
2018,"2018 N source, timing and FYM trial",Surkhet,Maintada-9,All maize,soil_background,7.539,28.43196607,81.80337762,1
2018,"2018 N source, timing and FYM trial",Surkhet,Ramghat,All maize,soil_background,6.749333333333333,28.488468549999997,81.74245902,3
2019,2019 T1-T10 core trial,Dang,Dhikpur,All maize,k_omission,7.3505,28.04027337580919,82.3734609503299,2
2019,2019 T1-T10 core trial,Dang,Dhikpur,All maize,soil_background,5.545,28.04030436789617,82.37343949265778,2
2019,2019 T1-T10 core trial,Dang,Laxmipur,All maize,k_omission,12.051,27.97845642082393,82.46627259068191,2
2019,2019 T1-T10 core trial,Dang,Laxmipur,All maize,soil_background,5.8759999999999994,27.978472283575684,82.46626035310328,2
2019,2019 T1-T10 core trial,Dang,Panchakule,All maize,k_omission,9.5955,28.13421384897083,82.12080352474004,2
2019,2019 T1-T10 core trial,Dang,Panchakule,All maize,soil_background,6.28,28.133885068818927,82.11858672089875,1
2019,2019 T1-T10 core trial,Dang,Shantinagar,All maize,k_omission,8.295,28.165783658623695,82.22753591369838,2
2019,2019 T1-T10 core trial,Dang,Shantinagar,All maize,soil_background,5.739,28.165736510418355,82.22757803276181,2
2019,2019 T1-T10 core trial,Dang,Shreegau,All maize,k_omission,9.7335,28.109598944429308,82.18603329733014,2
2019,2019 T1-T10 core trial,Dang,Shreegau,All maize,soil_background,4.588,28.109726223628968,82.1861732751131,2
2019,2019 T1-T10 core trial,Doti,Chhatiwan,All maize,k_omission,8.84082,29.08085274975746,80.59047830756754,2
2019,2019 T1-T10 core trial,Doti,Chhatiwan,All maize,soil_background,6.86934,29.080732406582683,80.59062398504466,2
2019,2019 T1-T10 core trial,Doti,Dipayal,All maize,k_omission,9.536673333333333,29.254723428748548,80.93256496824324,3
2019,2019 T1-T10 core trial,Doti,Dipayal,All maize,soil_background,7.31943,29.254705177154392,80.93250538688153,2
2019,2019 T1-T10 core trial,Doti,Ghanteshwor,All maize,k_omission,11.33,29.124719590879977,80.5813794080168,5
2019,2019 T1-T10 core trial,Doti,Ghanteshwor,All maize,soil_background,7.226999999999999,29.124270781874657,80.58113303035498,5
2019,2019 T1-T10 core trial,Kavre,Bhakundebesi,All maize,k_omission,6.233759,27.557067177258432,85.6676068995148,2
2019,2019 T1-T10 core trial,Kavre,Bhakundebesi,All maize,soil_background,2.926757,27.55687133409083,85.66755250096321,2
2019,2019 T1-T10 core trial,Kavre,Rabiopi,All maize,k_omission,6.5742245,27.6502989185974,85.57615798898041,4
2019,2019 T1-T10 core trial,Kavre,Rabiopi,All maize,soil_background,3.3426345,27.65032968018204,85.57625262066722,4
2019,2019 T1-T10 core trial,Makwanpur,Radha Tiwari,All maize,k_omission,6.31306,,,1
2019,2019 T1-T10 core trial,Makwanpur,Radha Tiwari,All maize,soil_background,2.7423200000000003,,,1
2019,2019 T1-T10 core trial,Nuwakot,Dip Acharya,All maize,k_omission,7.509767,27.88483466953039,85.14994843862951,1
2019,2019 T1-T10 core trial,Nuwakot,Dip Acharya,All maize,soil_background,6.008915,27.88490277249366,85.15011859126389,1
2019,2019 T1-T10 core trial,Nuwakot,Ramchandra Acharya,All maize,k_omission,8.165233,27.884380035102367,85.15034993179142,1
2019,2019 T1-T10 core trial,Nuwakot,Ramchandra Acharya,All maize,soil_background,1.620814,27.88436595350504,85.15049275942147,1
2019,2019 T1-T10 core trial,Palpa,Chidi pani,All maize,k_omission,9.2233371215,27.866875184699893,83.5483809420839,2
2019,2019 T1-T10 core trial,Palpa,Chidi pani,All maize,soil_background,8.049409091000001,27.866792811546475,83.54835881385952,2
2019,2019 T1-T10 core trial,Palpa,Devinagar,All maize,k_omission,7.923666666499999,27.808238219004124,83.69631214533001,2
2019,2019 T1-T10 core trial,Palpa,Devinagar,All maize,soil_background,5.6600776515,27.80927832936868,83.69689271785319,2
2019,2019 T1-T10 core trial,Palpa,Khasyauli,All maize,k_omission,3.5767613320000002,27.88487980607897,83.47851279191673,2
2019,2019 T1-T10 core trial,Palpa,Khasyauli,All maize,soil_background,5.869181818,27.884576926007867,83.47849837504327,2
2019,2019 T1-T10 core trial,Salyan,Jhuplal gharti,All maize,k_omission,9.579,28.217901745811105,82.38466445356607,1
2019,2019 T1-T10 core trial,Salyan,Jhuplal gharti,All maize,soil_background,6.973,28.21787660010159,82.38465665839612,1
2019,2019 T1-T10 core trial,Salyan,Sharadha sharma,All maize,k_omission,11.624,28.22900190018117,82.3529542889446,1
2019,2019 T1-T10 core trial,Surkhet,Babiyachaur,All maize,k_omission,13.152135,28.805154813453555,81.39994719531387,2
2019,2019 T1-T10 core trial,Surkhet,Kalyan,All maize,k_omission,8.6745,28.501500946003944,81.74195281695575,2
2019,2019 T1-T10 core trial,Surkhet,Kalyan,All maize,soil_background,6.977,28.501449334435165,81.74196999985725,2
2019,2019 T1-T10 core trial,Surkhet,Kunathari,All maize,k_omission,7.792,28.714250391349196,81.50839255191386,2
2019,2019 T1-T10 core trial,Surkhet,Kunathari,All maize,soil_background,6.712999999999999,28.714268475305285,81.50840390939265,2
2019,2019 T1-T10 core trial,Surkhet,Lekhpharsa,All maize,k_omission,8.6735,28.465049306396395,81.79046781733632,2
2019,2019 T1-T10 core trial,Surkhet,Lekhpharsa,All maize,soil_background,5.964499999999999,28.465115900617093,81.79057833272964,2
2019,2019 T1-T10 core trial,Surkhet,Maintada-2,All maize,k_omission,6.32,28.447805761825293,81.7964141909033,2
2019,2019 T1-T10 core trial,Surkhet,Maintada-2,All maize,soil_background,4.5675,28.447788599878553,81.79641825612634,2
2019,2019 T1-T10 core trial,Surkhet,Ramghat,All maize,k_omission,10.9032,28.489978440105915,81.7442086469382,5
2019,2019 T1-T10 core trial,Surkhet,Ramghat,All maize,soil_background,5.5158000000000005,28.489945985376835,81.74423437938094,5
