year,study,district,site,N0-P0-K0,N0-P60-K40,latitude,longitude,control_yield_t_ha,n_omission_yield_t_ha,pk_yield_response_t_ha,pk_yield_response_pct_control
2017,2017 core trial,Dang,Dhikpur,5.216,4.394333333333333,28.04832722333333,82.39328889,5.216,4.394333333333333,-0.8216666666666672,-15.752811860940703
2017,2017 core trial,Dang,Dhuruwa,7.4126666666666665,5.299,28.027291388333335,82.32576638833334,7.4126666666666665,5.299,-2.113666666666666,-28.514254879035878
2017,2017 core trial,Dang,Hapur,3.718,4.099,28.092535417500002,82.4274558325,3.718,4.099,0.3810000000000002,10.247444862829484
2017,2017 core trial,Dang,Laxmipur,5.128333333333333,5.8389999999999995,27.97980139,82.49198389,5.128333333333333,5.8389999999999995,0.7106666666666666,13.857653558661033
2017,2017 core trial,Dang,Panchakule,6.879,8.108,28.1334054175,82.109412085,6.879,8.108,1.229000000000001,17.86596889082717
2017,2017 core trial,Dang,Pawannagar,5.758,5.611999999999999,28.163747223333335,82.256674445,5.758,5.611999999999999,-0.1460000000000008,-2.535602639805502
2017,2017 core trial,Dang,Purandhara,7.0045,6.9205000000000005,28.192190834999998,82.0976670825,7.0045,6.9205000000000005,-0.08399999999999963,-1.1992290670283337
2017,2017 core trial,Dang,Shantinagar,2.909,5.816000000000001,28.1638441675,82.229699585,2.909,5.816000000000001,2.907000000000001,99.9312478514954
2017,2017 core trial,Dang,Shreegau,4.123666666666667,5.164666666666666,28.106386665000002,82.17907777666667,4.123666666666667,5.164666666666666,1.0409999999999995,25.244523482337712
2017,2017 core trial,Surkhet,Babiyachaur,7.4583,8.68665,28.815003675,81.40369145,7.4583,8.68665,1.2283499999999998,16.469570813724303
2017,2017 core trial,Surkhet,Gadhi,4.58,7.11665,28.64616023,81.6029042575,4.58,7.11665,2.53665,55.385371179039296
2017,2017 core trial,Surkhet,Ghumkhare,7.76,5.92,28.439776875,81.897423375,7.76,5.92,-1.8399999999999999,-23.711340206185568
2017,2017 core trial,Surkhet,Guthu,6.74995,6.8667,28.847964400000002,81.30248935,6.74995,6.8667,0.11674999999999969,1.7296424417958605
2017,2017 core trial,Surkhet,Kalyan,6.695533333333334,7.6499,28.502921833333332,81.73765958333334,6.695533333333334,7.6499,0.9543666666666661,14.253781127716977
2017,2017 core trial,Surkhet,Lekhpharsa,6.666666666666667,7.815533333333334,28.47386746666667,81.80856531666667,6.666666666666667,7.815533333333334,1.1488666666666667,17.233
2017,2017 core trial,Surkhet,Maintada-3,4.3917,6.782233333333334,28.443311886666667,81.80852307916666,4.3917,6.782233333333334,2.390533333333334,54.43298343086581
2017,2017 core trial,Surkhet,Maintada-4,6.1444333333333345,6.811133333333334,28.419852138333333,81.79543643833334,6.1444333333333345,6.811133333333334,0.6666999999999996,10.850471700672145
2017,2017 core trial,Surkhet,Neta,6.24165,9.89,28.550066425,81.79385384999999,6.24165,9.89,3.6483500000000006,58.45169145979029
2017,2017 core trial,Surkhet,Ramghat,3.565,7.975,28.48883655,81.7431206,3.565,7.975,4.41,123.70266479663394
2018,"2018 N source, timing and FYM trial",Dang,Dhikpur,6.764,7.778666666666666,28.033888580000003,82.37338285833333,6.764,7.778666666666666,1.014666666666666,15.000985610092636
2018,"2018 N source, timing and FYM trial",Dang,Dhuruwa,7.84,9.516,28.0214735425,82.3246647175,7.84,9.516,1.6760000000000002,21.377551020408166
2018,"2018 N source, timing and FYM trial",Dang,Hapur,5.077,5.213,28.090448776666666,82.42108206333333,5.077,5.213,0.13600000000000012,2.6787472917077038
2018,"2018 N source, timing and FYM trial",Dang,Laxmipur,4.576,6.291,27.977827443333332,82.46365233666667,4.576,6.291,1.7150000000000007,37.478146853146875
2018,"2018 N source, timing and FYM trial",Dang,Panchakaule,5.73725,7.408499999999999,28.1161729075,82.166335365,5.73725,7.408499999999999,1.6712499999999988,29.129809577759357
2018,"2018 N source, timing and FYM trial",Dang,Pawannagar,5.823666666666667,5.853000000000001,28.170453620000004,82.26027281999998,5.823666666666667,5.853000000000001,0.029333333333333655,0.503691832179045
2018,"2018 N source, timing and FYM trial",Dang,Purandhara,6.321000000000001,7.886333333333333,28.187574058333333,82.09802281,6.321000000000001,7.886333333333333,1.5653333333333324,24.76401413278488
2018,"2018 N source, timing and FYM trial",Dang,Shantinagar,5.864999999999999,6.428999999999999,28.165573853333335,82.22549202833333,5.864999999999999,6.428999999999999,0.5640000000000001,9.616368286445015
2018,"2018 N source, timing and FYM trial",Doti,Chattiwan,5.692666666666667,5.561333333333333,29.082115948333332,80.59343874666666,5.692666666666667,5.561333333333333,-0.13133333333333397,-2.3070617168286796
2018,"2018 N source, timing and FYM trial",Doti,Ghantesori,6.147333333333333,7.978666666666666,29.144260101666667,80.60340461666667,6.147333333333333,7.978666666666666,1.8313333333333333,29.79069515236959
2018,"2018 N source, timing and FYM trial",Kavre,Anekot,4.339666666666667,4.996333333333333,27.660351469166667,85.58859310083332,4.339666666666667,4.996333333333333,0.6566666666666663,15.131730547661101
2018,"2018 N source, timing and FYM trial",Kavre,Bhakundebesi,6.609999999999999,7.976333333333334,27.558005653333332,85.66621676833333,6.609999999999999,7.976333333333334,1.3663333333333343,20.670700958144245
2018,"2018 N source, timing and FYM trial",Kavre,Rabiopi,6.636,8.972333333333333,27.647592539999998,85.56456278166667,6.636,8.972333333333333,2.336333333333333,35.20695197910388
2018,"2018 N source, timing and FYM trial",Palpa,Chidipani,4.1345,5.2705,,,4.1345,5.2705,1.1360000000000001,27.476115612528723
2018,"2018 N source, timing and FYM trial",Palpa,Devinagar,4.800333333333334,5.6706666666666665,,,4.800333333333334,5.6706666666666665,0.870333333333333,18.130685369071585
2018,"2018 N source, timing and FYM trial",Palpa,Khasyauli,4.608666666666667,5.349666666666667,,,4.608666666666667,5.349666666666667,0.7409999999999997,16.078403008823948
2018,"2018 N source, timing and FYM trial",Palpa,Madanpokhara,4.177333333333333,4.7523333333333335,,,4.177333333333333,4.7523333333333335,0.5750000000000002,13.764762208745614
2018,"2018 N source, timing and FYM trial",Surkhet,Babiyachaur,7.1049999999999995,8.804,28.804873569999998,81.39947721,7.1049999999999995,8.804,1.6990000000000007,23.91273750879663
2018,"2018 N source, timing and FYM trial",Surkhet,Gadhi,5.639666666666667,7.068333333333334,28.639586246666667,81.59303495500001,5.639666666666667,7.068333333333334,1.4286666666666674,25.332466457828488
2018,"2018 N source, timing and FYM trial",Surkhet,Guthu,5.606,7.191,28.833551575,81.30625107,5.606,7.191,1.585,28.273278630039243
2018,"2018 N source, timing and FYM trial",Surkhet,Kalyan,6.9993333333333325,7.539000000000001,28.50486518333333,81.73679539,6.9993333333333325,7.539000000000001,0.5396666666666681,7.710258119820957
2018,"2018 N source, timing and FYM trial",Surkhet,Kunathari,6.386,7.904,28.71292778,81.51044930333333,6.386,7.904,1.5179999999999998,23.770748512370808
2018,"2018 N source, timing and FYM trial",Surkhet,Lekhpharsa,6.067333333333333,8.210333333333333,28.464976398333334,81.79503254166667,6.067333333333333,8.210333333333333,2.143,35.32029447313482
2018,"2018 N source, timing and FYM trial",Surkhet,Maintada-1,7.2225,7.1899999999999995,28.4430835225,81.7964786775,7.2225,7.1899999999999995,-0.03250000000000064,-0.449982692973356
2018,"2018 N source, timing and FYM trial",Surkhet,Maintada-2,5.8614999999999995,5.986,28.4239202375,81.79688430750001,5.8614999999999995,5.986,0.12450000000000028,2.12402968523416
2018,"2018 N source, timing and FYM trial",Surkhet,Maintada-8,6.202,8.593,28.439116159999998,81.810719465,6.202,8.593,2.391,38.55207997420187
2018,"2018 N source, timing and FYM trial",Surkhet,Ramghat,6.749333333333333,7.943666666666666,28.48846730833333,81.74245886666667,6.749333333333333,7.943666666666666,1.1943333333333328,17.69557487159225
2019,2019 T1-T10 core trial,Dang,Dhikpur,5.545,7.065,28.040362873580307,82.3734474554658,5.545,7.065,1.5200000000000005,27.41208295761949
2019,2019 T1-T10 core trial,Dang,Laxmipur,5.8759999999999994,8.4195,27.97847970155999,82.46624847175553,5.8759999999999994,8.4195,2.5435,43.28624914908101
2019,2019 T1-T10 core trial,Dang,Panchakule,6.28,8.639,28.13411995070055,82.11969273397699,6.28,8.639,2.358999999999999,37.563694267515906
2019,2019 T1-T10 core trial,Dang,Shantinagar,5.739,7.3795,28.165754531510174,82.22757103387266,5.739,7.3795,1.6405000000000003,28.585119358773312
2019,2019 T1-T10 core trial,Dang,Shreegau,4.588,6.268000000000001,28.109673773869872,82.18611426651478,4.588,6.268000000000001,1.6800000000000006,36.617262423714045
2019,2019 T1-T10 core trial,Doti,Chhatiwan,6.86934,8.194165,29.080739772180095,80.59061547741294,6.86934,8.194165,1.3248249999999997,19.286059504988827
2019,2019 T1-T10 core trial,Doti,Dipayal,7.31943,8.738366666666666,29.25470156944357,80.93250743346289,7.31943,8.738366666666666,1.4189366666666663,19.385890249195175
2019,2019 T1-T10 core trial,Doti,Ghanteshwor,7.226999999999999,8.432599999999999,29.12430316954851,80.58115516696125,7.226999999999999,8.432599999999999,1.2055999999999996,16.68188736681887
2019,2019 T1-T10 core trial,Kavre,Bhakundebesi,2.926757,4.507761500000001,27.556928058620542,85.66751964390278,2.926757,4.507761500000001,1.581004500000001,54.01898756883476
2019,2019 T1-T10 core trial,Kavre,Rabiopi,3.3426345,3.7852705,27.650316499639302,85.57624184992164,3.3426345,3.7852705,0.44263600000000025,13.242129823048264
2019,2019 T1-T10 core trial,Makwanpur,Radha Tiwari,2.7423200000000003,4.57054,,,2.7423200000000003,4.57054,1.82822,66.66690976982991
2019,2019 T1-T10 core trial,Nuwakot,Dip Acharya,6.008915,8.418527,27.884923266246915,85.15010325238109,6.008915,8.418527,2.409611999999999,40.10061716632702
2019,2019 T1-T10 core trial,Nuwakot,Ramchandra Acharya,1.620814,1.773721,27.884346486534923,85.15048190485686,1.620814,1.773721,0.15290700000000013,9.433963428252724
2019,2019 T1-T10 core trial,Palpa,Chidi pani,8.049409091000001,4.5995,27.86681341007352,83.54837232967839,8.049409091000001,4.5995,-3.449909091000001,-42.859159622752
2019,2019 T1-T10 core trial,Palpa,Devinagar,5.6600776515,7.692537879,27.809342356631532,83.69690019870177,5.6600776515,7.692537879,2.0324602274999997,35.908698654714904
2019,2019 T1-T10 core trial,Palpa,Khasyauli,5.869181818,5.0151515075,27.884640879929066,83.47849565092474,5.869181818,5.0151515075,-0.8540303105000007,-14.551096506855576
2019,2019 T1-T10 core trial,Salyan,Jhuplal gharti,6.973,9.213,28.217880476731807,82.38473758567125,6.973,9.213,2.2399999999999993,32.12390649648644
2019,2019 T1-T10 core trial,Surkhet,Kalyan,6.977,7.865,28.501447626622394,81.74197743879631,6.977,7.865,0.8879999999999999,12.727533323778125
2019,2019 T1-T10 core trial,Surkhet,Kunathari,6.712999999999999,7.3705,28.714248400647193,81.50840313406661,6.712999999999999,7.3705,0.6575000000000006,9.794428720393276
2019,2019 T1-T10 core trial,Surkhet,Lekhpharsa,5.964499999999999,7.2765,28.465095773572102,81.79056592751294,5.964499999999999,7.2765,1.3120000000000012,21.99681448570712
2019,2019 T1-T10 core trial,Surkhet,Maintada-2,4.5675,5.1370000000000005,28.44778362312354,81.79641574155539,4.5675,5.1370000000000005,0.5695000000000006,12.468527640941447
2019,2019 T1-T10 core trial,Surkhet,Ramghat,5.5158000000000005,8.2078,28.489946932531893,81.74422927480191,5.5158000000000005,8.2078,2.692,48.805250371659604
