year,study,dataset_type,district,site,latitude,longitude,variety,variety_group,treatment_code,treatment,treatment_role,N_rate_kg_ha,P_rate_kg_ha,K_rate_kg_ha,adjusted_yield_kg_ha,yield_t_ha
2017,2017 core trial,trial,Dang,Dhikpur,28.02714833,82.37515833,Hybrid-Rajkumar,Hybrid,1,N0-P0-K0,soil_background,0.0,0.0,0.0,5043.0,5.043
2017,2017 core trial,trial,Dang,Dhikpur,28.02572,82.377395,Hybrid-Rajkumar,Hybrid,1,N0-P0-K0,soil_background,0.0,0.0,0.0,6460.0,6.46
2017,2017 core trial,trial,Dang,Dhikpur,28.092205,82.42721,Hybrid-Rajkumar,Hybrid,1,N0-P0-K0,soil_background,0.0,0.0,0.0,4145.0,4.145
2017,2017 core trial,trial,Dang,Dhikpur,28.02713167,82.37542667,Hybrid-Rajkumar,Hybrid,2,N0-P60-K40,n_omission,0.0,60.0,40.0,4998.0,4.998
2017,2017 core trial,trial,Dang,Dhikpur,28.02550667,82.37736667,Hybrid-Rajkumar,Hybrid,2,N0-P60-K40,n_omission,0.0,60.0,40.0,4134.0,4.134
2017,2017 core trial,trial,Dang,Dhikpur,28.09225167,82.42717667,Hybrid-Rajkumar,Hybrid,2,N0-P60-K40,n_omission,0.0,60.0,40.0,4051.0,4.051
2017,2017 core trial,trial,Dang,Dhuruwa,28.02137333,82.32474333,Hybrid-Rajkumar,Hybrid,1,N0-P0-K0,soil_background,0.0,0.0,0.0,7180.0,7.18
2017,2017 core trial,trial,Dang,Dhuruwa,28.03805,82.32935833,Hybrid-Rajkumar,Hybrid,1,N0-P0-K0,soil_background,0.0,0.0,0.0,7575.0,7.575
2017,2017 core trial,trial,Dang,Dhuruwa,28.02261667,82.32327,Hybrid-Rajkumar,Hybrid,1,N0-P0-K0,soil_background,0.0,0.0,0.0,7483.0,7.483
2017,2017 core trial,trial,Dang,Dhuruwa,28.02122333,82.32465667,Hybrid-Rajkumar,Hybrid,2,N0-P60-K40,n_omission,0.0,60.0,40.0,4456.0,4.456
2017,2017 core trial,trial,Dang,Dhuruwa,28.03780667,82.329305,Hybrid-Rajkumar,Hybrid,2,N0-P60-K40,n_omission,0.0,60.0,40.0,5327.0,5.327
2017,2017 core trial,trial,Dang,Dhuruwa,28.02267833,82.323265,Hybrid-Rajkumar,Hybrid,2,N0-P60-K40,n_omission,0.0,60.0,40.0,6114.0,6.114
2017,2017 core trial,trial,Dang,Hapur,28.09140667,82.42664333,Hybrid-Rajkumar,Hybrid,1,N0-P0-K0,soil_background,0.0,0.0,0.0,3490.0,3.49
2017,2017 core trial,trial,Dang,Hapur,28.09373,82.428285,Hybrid-Rajkumar,Hybrid,1,N0-P0-K0,soil_background,0.0,0.0,0.0,3946.0,3.946
2017,2017 core trial,trial,Dang,Hapur,28.09141,82.42659333,Hybrid-Rajkumar,Hybrid,2,N0-P60-K40,n_omission,0.0,60.0,40.0,3490.0,3.49
2017,2017 core trial,trial,Dang,Hapur,28.093595,82.42830167,Hybrid-Rajkumar,Hybrid,2,N0-P60-K40,n_omission,0.0,60.0,40.0,4708.0,4.708
2017,2017 core trial,trial,Dang,Laxmipur,27.98058167,82.46868667,Hybrid-Rajkumar,Hybrid,1,N0-P0-K0,soil_background,0.0,0.0,0.0,4450.0,4.45
2017,2017 core trial,trial,Dang,Laxmipur,27.99098667,82.51826167,Hybrid-Rajkumar,Hybrid,1,N0-P0-K0,soil_background,0.0,0.0,0.0,5545.0,5.545
2017,2017 core trial,trial,Dang,Laxmipur,27.967785,82.48898667,Hybrid-Rajkumar,Hybrid,1,N0-P0-K0,soil_background,0.0,0.0,0.0,5390.0,5.39
2017,2017 core trial,trial,Dang,Laxmipur,27.98071,82.46870833,Hybrid-Rajkumar,Hybrid,2,N0-P60-K40,n_omission,0.0,60.0,40.0,7359.0,7.359
2017,2017 core trial,trial,Dang,Laxmipur,27.990925,82.51826,Hybrid-Rajkumar,Hybrid,2,N0-P60-K40,n_omission,0.0,60.0,40.0,3931.0,3.931
2017,2017 core trial,trial,Dang,Laxmipur,27.96782,82.489,Hybrid-Rajkumar,Hybrid,2,N0-P60-K40,n_omission,0.0,60.0,40.0,6227.0,6.227
2017,2017 core trial,trial,Dang,Panchakule,28.13302667,82.10547167,Hybrid-Rajkumar,Hybrid,1,N0-P0-K0,soil_background,0.0,0.0,0.0,6879.0,6.879
2017,2017 core trial,trial,Dang,Panchakule,28.13445833,82.1212,Hybrid-Rajkumar,Hybrid,2,N0-P60-K40,n_omission,0.0,60.0,40.0,8195.0,8.195
2017,2017 core trial,trial,Dang,Panchakule,28.13311,82.105505,Hybrid-Rajkumar,Hybrid,2,N0-P60-K40,n_omission,0.0,60.0,40.0,8021.0,8.021
2017,2017 core trial,trial,Dang,Pawannagar,28.16120167,82.25547167,Hybrid-Rajkumar,Hybrid,1,N0-P0-K0,soil_background,0.0,0.0,0.0,5303.0,5.303
2017,2017 core trial,trial,Dang,Pawannagar,28.15935167,82.25444833,Hybrid-Rajkumar,Hybrid,1,N0-P0-K0,soil_background,0.0,0.0,0.0,5899.0,5.899
2017,2017 core trial,trial,Dang,Pawannagar,28.17071333,82.26032833,Hybrid-Rajkumar,Hybrid,1,N0-P0-K0,soil_background,0.0,0.0,0.0,6072.0,6.072
2017,2017 core trial,trial,Dang,Pawannagar,28.16123333,82.25536,Hybrid-Rajkumar,Hybrid,2,N0-P60-K40,n_omission,0.0,60.0,40.0,4892.0,4.892
2017,2017 core trial,trial,Dang,Pawannagar,28.15931167,82.25437167,Hybrid-Rajkumar,Hybrid,2,N0-P60-K40,n_omission,0.0,60.0,40.0,6152.0,6.152
2017,2017 core trial,trial,Dang,Pawannagar,28.17067167,82.26006667,Hybrid-Rajkumar,Hybrid,2,N0-P60-K40,n_omission,0.0,60.0,40.0,5792.0,5.792
2017,2017 core trial,trial,Dang,Purandhara,28.19366167,82.09409,Hybrid-Rajkumar,Hybrid,1,N0-P0-K0,soil_background,0.0,0.0,0.0,6509.0,6.509
2017,2017 core trial,trial,Dang,Purandhara,28.18310167,82.09845333,Hybrid-Rajkumar,Hybrid,1,N0-P0-K0,soil_background,0.0,0.0,0.0,7500.0,7.5
2017,2017 core trial,trial,Dang,Purandhara,28.19831167,82.10394,Hybrid-Rajkumar,Hybrid,2,N0-P60-K40,n_omission,0.0,60.0,40.0,7460.0,7.46
2017,2017 core trial,trial,Dang,Purandhara,28.19368833,82.094185,Hybrid-Rajkumar,Hybrid,2,N0-P60-K40,n_omission,0.0,60.0,40.0,6381.0,6.381
2017,2017 core trial,trial,Dang,Shantinagar,28.15926667,82.22875167,Hybrid-Rajkumar,Hybrid,1,N0-P0-K0,soil_background,0.0,0.0,0.0,2648.0,2.648
2017,2017 core trial,trial,Dang,Shantinagar,28.167725,82.22625,Hybrid-Rajkumar,Hybrid,1,N0-P0-K0,soil_background,0.0,0.0,0.0,3170.0,3.17
2017,2017 core trial,trial,Dang,Shantinagar,28.16917833,82.23504167,Hybrid-Rajkumar,Hybrid,2,N0-P60-K40,n_omission,0.0,60.0,40.0,3406.0,3.406
2017,2017 core trial,trial,Dang,Shantinagar,28.15920667,82.228755,Hybrid-Rajkumar,Hybrid,2,N0-P60-K40,n_omission,0.0,60.0,40.0,8226.0,8.226
2017,2017 core trial,trial,Dang,Shreegau,28.09885833,82.16455,Hybrid-Rajkumar,Hybrid,1,N0-P0-K0,soil_background,0.0,0.0,0.0,4056.0,4.056
2017,2017 core trial,trial,Dang,Shreegau,28.11214333,82.18997833,Hybrid-Rajkumar,Hybrid,1,N0-P0-K0,soil_background,0.0,0.0,0.0,5003.0,5.003
2017,2017 core trial,trial,Dang,Shreegau,28.108055,82.18268833,Hybrid-Rajkumar,Hybrid,1,N0-P0-K0,soil_background,0.0,0.0,0.0,3312.0,3.312
2017,2017 core trial,trial,Dang,Shreegau,28.09895,82.164535,Hybrid-Rajkumar,Hybrid,2,N0-P60-K40,n_omission,0.0,60.0,40.0,5089.0,5.089
2017,2017 core trial,trial,Dang,Shreegau,28.11225333,82.18996167,Hybrid-Rajkumar,Hybrid,2,N0-P60-K40,n_omission,0.0,60.0,40.0,6687.0,6.687
2017,2017 core trial,trial,Dang,Shreegau,28.10806,82.18275333,Hybrid-Rajkumar,Hybrid,2,N0-P60-K40,n_omission,0.0,60.0,40.0,3718.0,3.718
2017,2017 core trial,trial,Surkhet,Babiyachaur,28.8088505,81.3939897,Hybrid-Rajkumar,Hybrid,1,N0-P0-K0,soil_background,0.0,0.0,0.0,7166.6,7.166600000000001
2017,2017 core trial,trial,Surkhet,Babiyachaur,28.8211626,81.4134021,Hybrid-Rajkumar,Hybrid,1,N0-P0-K0,soil_background,0.0,0.0,0.0,7750.0,7.75
2017,2017 core trial,trial,Surkhet,Babiyachaur,28.8088475,81.3939939,Hybrid-Rajkumar,Hybrid,2,N0-P60-K40,n_omission,0.0,60.0,40.0,7683.3,7.6833
2017,2017 core trial,trial,Surkhet,Babiyachaur,28.8211541,81.4133801,Hybrid-Rajkumar,Hybrid,2,N0-P60-K40,n_omission,0.0,60.0,40.0,9690.0,9.69
2017,2017 core trial,trial,Surkhet,Gadhi,28.65119517,81.60158525,Hybrid-Rajkumar,Hybrid,1,N0-P0-K0,soil_background,0.0,0.0,0.0,7016.7,7.0167
2017,2017 core trial,trial,Surkhet,Gadhi,28.6411379,81.6042313,Hybrid-Rajkumar,Hybrid,1,N0-P0-K0,soil_background,0.0,0.0,0.0,2143.3,2.1433
2017,2017 core trial,trial,Surkhet,Gadhi,28.65118965,81.60158798,Hybrid-Rajkumar,Hybrid,2,N0-P60-K40,n_omission,0.0,60.0,40.0,9683.3,9.6833
2017,2017 core trial,trial,Surkhet,Gadhi,28.6411182,81.6042125,Hybrid-Rajkumar,Hybrid,2,N0-P60-K40,n_omission,0.0,60.0,40.0,4550.0,4.55
2017,2017 core trial,trial,Surkhet,Ghumkhare,28.4405855,81.897729,Hybrid-Rajkumar,Hybrid,1,N0-P0-K0,soil_background,0.0,0.0,0.0,7760.0,7.76
2017,2017 core trial,trial,Surkhet,Ghumkhare,28.4373608,81.896523,Hybrid-Rajkumar,Hybrid,2,N0-P60-K40,n_omission,0.0,60.0,40.0,1920.0,1.92
2017,2017 core trial,trial,Surkhet,Ghumkhare,28.4405757,81.8977125,Hybrid-Rajkumar,Hybrid,2,N0-P60-K40,n_omission,0.0,60.0,40.0,9920.0,9.92
2017,2017 core trial,trial,Surkhet,Guthu,28.8512093,81.2906702,Hybrid-Rajkumar,Hybrid,1,N0-P0-K0,soil_background,0.0,0.0,0.0,6666.6,6.666600000000001
2017,2017 core trial,trial,Surkhet,Guthu,28.8447252,81.3143365,Hybrid-Rajkumar,Hybrid,1,N0-P0-K0,soil_background,0.0,0.0,0.0,6833.3,6.8333
2017,2017 core trial,trial,Surkhet,Guthu,28.8512097,81.2906681,Hybrid-Rajkumar,Hybrid,2,N0-P60-K40,n_omission,0.0,60.0,40.0,6666.7,6.6667
2017,2017 core trial,trial,Surkhet,Guthu,28.8447134,81.3142826,Hybrid-Rajkumar,Hybrid,2,N0-P60-K40,n_omission,0.0,60.0,40.0,7066.7,7.0667
2017,2017 core trial,trial,Surkhet,Kalyan,28.5031584,81.7380663,Hybrid-Rajkumar,Hybrid,1,N0-P0-K0,soil_background,0.0,0.0,0.0,7750.0,7.75
2017,2017 core trial,trial,Surkhet,Kalyan,28.5036559,81.7378121,Hybrid-Rajkumar,Hybrid,1,N0-P0-K0,soil_background,0.0,0.0,0.0,5653.3,5.6533
2017,2017 core trial,trial,Surkhet,Kalyan,28.5019833,81.7370833,Hybrid-Rajkumar,Hybrid,1,N0-P0-K0,soil_background,0.0,0.0,0.0,6683.3,6.6833
2017,2017 core trial,trial,Surkhet,Kalyan,28.5031478,81.7380709,Hybrid-Rajkumar,Hybrid,2,N0-P60-K40,n_omission,0.0,60.0,40.0,9690.0,9.69
2017,2017 core trial,trial,Surkhet,Kalyan,28.5036459,81.737812,Hybrid-Rajkumar,Hybrid,2,N0-P60-K40,n_omission,0.0,60.0,40.0,6326.7,6.3267
2017,2017 core trial,trial,Surkhet,Kalyan,28.5019397,81.7371129,Hybrid-Rajkumar,Hybrid,2,N0-P60-K40,n_omission,0.0,60.0,40.0,6933.0,6.933
2017,2017 core trial,trial,Surkhet,Lekhpharsa,28.4743615,81.8018271,Hybrid-Rajkumar,Hybrid,1,N0-P0-K0,soil_background,0.0,0.0,0.0,5313.3,5.3133
2017,2017 core trial,trial,Surkhet,Lekhpharsa,28.4777842,81.8152825,Hybrid-Rajkumar,Hybrid,1,N0-P0-K0,soil_background,0.0,0.0,0.0,7166.7,7.1667
2017,2017 core trial,trial,Surkhet,Lekhpharsa,28.4694949,81.8085782,Hybrid-Rajkumar,Hybrid,1,N0-P0-K0,soil_background,0.0,0.0,0.0,7520.0,7.52
2017,2017 core trial,trial,Surkhet,Lekhpharsa,28.4743686,81.8018083,Hybrid-Rajkumar,Hybrid,2,N0-P60-K40,n_omission,0.0,60.0,40.0,5790.0,5.79
2017,2017 core trial,trial,Surkhet,Lekhpharsa,28.4777745,81.8153383,Hybrid-Rajkumar,Hybrid,2,N0-P60-K40,n_omission,0.0,60.0,40.0,7683.3,7.6833
2017,2017 core trial,trial,Surkhet,Lekhpharsa,28.4694211,81.8085575,Hybrid-Rajkumar,Hybrid,2,N0-P60-K40,n_omission,0.0,60.0,40.0,9973.3,9.9733
2017,2017 core trial,trial,Surkhet,Maintada-3,28.43492997,81.81850476,Hybrid-Rajkumar,Hybrid,1,N0-P0-K0,soil_background,0.0,0.0,0.0,3176.7,3.1767
2017,2017 core trial,trial,Surkhet,Maintada-3,28.44871629,81.80507469,Hybrid-Rajkumar,Hybrid,1,N0-P0-K0,soil_background,0.0,0.0,0.0,5606.7,5.6067
2017,2017 core trial,trial,Surkhet,Maintada-3,28.43495389,81.81847131,Hybrid-Rajkumar,Hybrid,2,N0-P60-K40,n_omission,0.0,60.0,40.0,4710.0,4.71
2017,2017 core trial,trial,Surkhet,Maintada-3,28.45073505,81.79222792,Hybrid-Rajkumar,Hybrid,2,N0-P60-K40,n_omission,0.0,60.0,40.0,9310.0,9.31
2017,2017 core trial,trial,Surkhet,Maintada-3,28.44871299,81.80507007,Hybrid-Rajkumar,Hybrid,2,N0-P60-K40,n_omission,0.0,60.0,40.0,6326.7,6.3267
2017,2017 core trial,trial,Surkhet,Maintada-4,28.42060723,81.79859145,Hybrid-Rajkumar,Hybrid,1,N0-P0-K0,soil_background,0.0,0.0,0.0,6700.0,6.7
2017,2017 core trial,trial,Surkhet,Maintada-4,28.42142047,81.79066701,Hybrid-Rajkumar,Hybrid,1,N0-P0-K0,soil_background,0.0,0.0,0.0,5900.0,5.9
2017,2017 core trial,trial,Surkhet,Maintada-4,28.41748338,81.79712142,Hybrid-Rajkumar,Hybrid,1,N0-P0-K0,soil_background,0.0,0.0,0.0,5833.3,5.8333
2017,2017 core trial,trial,Surkhet,Maintada-4,28.42070244,81.79848167,Hybrid-Rajkumar,Hybrid,2,N0-P60-K40,n_omission,0.0,60.0,40.0,8366.7,8.366700000000002
2017,2017 core trial,trial,Surkhet,Maintada-4,28.42146073,81.7906461,Hybrid-Rajkumar,Hybrid,2,N0-P60-K40,n_omission,0.0,60.0,40.0,6266.7,6.2667
2017,2017 core trial,trial,Surkhet,Maintada-4,28.41743858,81.79711098,Hybrid-Rajkumar,Hybrid,2,N0-P60-K40,n_omission,0.0,60.0,40.0,5800.0,5.8
2017,2017 core trial,trial,Surkhet,Neta,28.5514112,81.7951889,Hybrid-Rajkumar,Hybrid,1,N0-P0-K0,soil_background,0.0,0.0,0.0,5770.0,5.77
2017,2017 core trial,trial,Surkhet,Neta,28.5487232,81.7925169,Hybrid-Rajkumar,Hybrid,1,N0-P0-K0,soil_background,0.0,0.0,0.0,6713.3,6.7133
2017,2017 core trial,trial,Surkhet,Neta,28.5514111,81.7951858,Hybrid-Rajkumar,Hybrid,2,N0-P60-K40,n_omission,0.0,60.0,40.0,10010.0,10.01
2017,2017 core trial,trial,Surkhet,Neta,28.5487202,81.7925238,Hybrid-Rajkumar,Hybrid,2,N0-P60-K40,n_omission,0.0,60.0,40.0,9770.0,9.77
2017,2017 core trial,trial,Surkhet,Ramghat,28.4888079,81.7436679,Hybrid-Rajkumar,Hybrid,1,N0-P0-K0,soil_background,0.0,0.0,0.0,2696.7,2.6967
2017,2017 core trial,trial,Surkhet,Ramghat,28.4865092,81.7436874,Hybrid-Rajkumar,Hybrid,1,N0-P0-K0,soil_background,0.0,0.0,0.0,4433.3,4.4333
2017,2017 core trial,trial,Surkhet,Ramghat,28.4934884,81.7414242,Hybrid-Rajkumar,Hybrid,2,N0-P60-K40,n_omission,0.0,60.0,40.0,9623.3,9.623299999999999
2017,2017 core trial,trial,Surkhet,Ramghat,28.4865407,81.7437029,Hybrid-Rajkumar,Hybrid,2,N0-P60-K40,n_omission,0.0,60.0,40.0,6326.7,6.3267
2018,"2018 N source, timing and FYM trial",trial,Dang,Dhikpur,28.02594518,82.37739005,,All maize,7,N0-P60-K40,n_omission,0.0,60.0,40.0,8106.0,8.106
2018,"2018 N source, timing and FYM trial",trial,Dang,Dhikpur,28.02234432,82.36631194,,All maize,7,N0-P60-K40,n_omission,0.0,60.0,40.0,7536.0,7.536
2018,"2018 N source, timing and FYM trial",trial,Dang,Dhikpur,28.05330359,82.3763895,,All maize,7,N0-P60-K40,n_omission,0.0,60.0,40.0,7694.0,7.694
2018,"2018 N source, timing and FYM trial",trial,Dang,Dhikpur,28.02603797,82.37731428,,All maize,8,N0-P0-K0,soil_background,0.0,0.0,0.0,6822.0,6.822
2018,"2018 N source, timing and FYM trial",trial,Dang,Dhikpur,28.02234231,82.36645259,,All maize,8,N0-P0-K0,soil_background,0.0,0.0,0.0,7188.0,7.188
2018,"2018 N source, timing and FYM trial",trial,Dang,Dhikpur,28.05335811,82.37643879,,All maize,8,N0-P0-K0,soil_background,0.0,0.0,0.0,6282.0,6.282
2018,"2018 N source, timing and FYM trial",trial,Dang,Dhuruwa,28.02167988,82.32444878,,All maize,7,N0-P60-K40,n_omission,0.0,60.0,40.0,6961.0,6.961
2018,"2018 N source, timing and FYM trial",trial,Dang,Dhuruwa,28.02133409,82.32488338,,All maize,7,N0-P60-K40,n_omission,0.0,60.0,40.0,12071.0,12.071
2018,"2018 N source, timing and FYM trial",trial,Dang,Dhuruwa,28.02155143,82.32441039,,All maize,8,N0-P0-K0,soil_background,0.0,0.0,0.0,7375.0,7.375
2018,"2018 N source, timing and FYM trial",trial,Dang,Dhuruwa,28.02132877,82.32491632,,All maize,8,N0-P0-K0,soil_background,0.0,0.0,0.0,8305.0,8.305
2018,"2018 N source, timing and FYM trial",trial,Dang,Hapur,28.08779965,82.42304645,,All maize,7,N0-P60-K40,n_omission,0.0,60.0,40.0,4412.0,4.412
2018,"2018 N source, timing and FYM trial",trial,Dang,Hapur,28.09186018,82.41422835,,All maize,7,N0-P60-K40,n_omission,0.0,60.0,40.0,6021.0,6.021
2018,"2018 N source, timing and FYM trial",trial,Dang,Hapur,28.09176286,82.42599646,,All maize,7,N0-P60-K40,n_omission,0.0,60.0,40.0,5206.0,5.206
2018,"2018 N source, timing and FYM trial",trial,Dang,Hapur,28.08769307,82.42310411,,All maize,8,N0-P0-K0,soil_background,0.0,0.0,0.0,5525.0,5.525
2018,"2018 N source, timing and FYM trial",trial,Dang,Hapur,28.09181693,82.41416255,,All maize,8,N0-P0-K0,soil_background,0.0,0.0,0.0,3810.0,3.81
2018,"2018 N source, timing and FYM trial",trial,Dang,Hapur,28.09175997,82.42595446,,All maize,8,N0-P0-K0,soil_background,0.0,0.0,0.0,5896.0,5.896
2018,"2018 N source, timing and FYM trial",trial,Dang,Laxmipur,27.97640516,82.46336323,,All maize,7,N0-P60-K40,n_omission,0.0,60.0,40.0,6553.0,6.553
2018,"2018 N source, timing and FYM trial",trial,Dang,Laxmipur,27.98064749,82.46882941,,All maize,7,N0-P60-K40,n_omission,0.0,60.0,40.0,6371.0,6.371
2018,"2018 N source, timing and FYM trial",trial,Dang,Laxmipur,27.97633094,82.45876911,,All maize,7,N0-P60-K40,n_omission,0.0,60.0,40.0,5949.0,5.949
2018,"2018 N source, timing and FYM trial",trial,Dang,Laxmipur,27.97651597,82.46350346,,All maize,8,N0-P0-K0,soil_background,0.0,0.0,0.0,3180.0,3.18
2018,"2018 N source, timing and FYM trial",trial,Dang,Laxmipur,27.98068224,82.46866956,,All maize,8,N0-P0-K0,soil_background,0.0,0.0,0.0,5033.0,5.033
2018,"2018 N source, timing and FYM trial",trial,Dang,Laxmipur,27.97638286,82.45877925,,All maize,8,N0-P0-K0,soil_background,0.0,0.0,0.0,5515.0,5.515
2018,"2018 N source, timing and FYM trial",trial,Dang,Panchakaule,28.11221194,82.17595917,,All maize,7,N0-P60-K40,n_omission,0.0,60.0,40.0,5592.0,5.592
2018,"2018 N source, timing and FYM trial",trial,Dang,Panchakaule,28.10637738,82.17761359,,All maize,7,N0-P60-K40,n_omission,0.0,60.0,40.0,8091.0,8.091
2018,"2018 N source, timing and FYM trial",trial,Dang,Panchakaule,28.11110599,82.18931783,,All maize,7,N0-P60-K40,n_omission,0.0,60.0,40.0,8308.0,8.308
2018,"2018 N source, timing and FYM trial",trial,Dang,Panchakaule,28.13503582,82.12234718,,All maize,7,N0-P60-K40,n_omission,0.0,60.0,40.0,7643.0,7.643
2018,"2018 N source, timing and FYM trial",trial,Dang,Panchakaule,28.11207976,82.17598625,,All maize,8,N0-P0-K0,soil_background,0.0,0.0,0.0,3204.0,3.204
2018,"2018 N source, timing and FYM trial",trial,Dang,Panchakaule,28.10644745,82.17772549,,All maize,8,N0-P0-K0,soil_background,0.0,0.0,0.0,5942.0,5.942
2018,"2018 N source, timing and FYM trial",trial,Dang,Panchakaule,28.11101442,82.18944641,,All maize,8,N0-P0-K0,soil_background,0.0,0.0,0.0,6160.0,6.16
2018,"2018 N source, timing and FYM trial",trial,Dang,Panchakaule,28.1351105,82.122287,,All maize,8,N0-P0-K0,soil_background,0.0,0.0,0.0,7643.0,7.643
2018,"2018 N source, timing and FYM trial",trial,Dang,Pawannagar,28.17022183,82.26104169,,All maize,7,N0-P60-K40,n_omission,0.0,60.0,40.0,4325.0,4.325
2018,"2018 N source, timing and FYM trial",trial,Dang,Pawannagar,28.17083945,82.26036527,,All maize,7,N0-P60-K40,n_omission,0.0,60.0,40.0,5315.0,5.315
2018,"2018 N source, timing and FYM trial",trial,Dang,Pawannagar,28.17027598,82.2594633,,All maize,7,N0-P60-K40,n_omission,0.0,60.0,40.0,7919.0,7.919
2018,"2018 N source, timing and FYM trial",trial,Dang,Pawannagar,28.17019049,82.26093063,,All maize,8,N0-P0-K0,soil_background,0.0,0.0,0.0,4984.0,4.984
2018,"2018 N source, timing and FYM trial",trial,Dang,Pawannagar,28.17088765,82.26043132,,All maize,8,N0-P0-K0,soil_background,0.0,0.0,0.0,6312.0,6.312
2018,"2018 N source, timing and FYM trial",trial,Dang,Pawannagar,28.17030632,82.25940471,,All maize,8,N0-P0-K0,soil_background,0.0,0.0,0.0,6175.0,6.175
2018,"2018 N source, timing and FYM trial",trial,Dang,Purandhara,28.18215356,82.09927054,,All maize,7,N0-P60-K40,n_omission,0.0,60.0,40.0,9073.0,9.073
2018,"2018 N source, timing and FYM trial",trial,Dang,Purandhara,28.19535476,82.10249003,,All maize,7,N0-P60-K40,n_omission,0.0,60.0,40.0,6865.0,6.865
2018,"2018 N source, timing and FYM trial",trial,Dang,Purandhara,28.18520989,82.09240308,,All maize,7,N0-P60-K40,n_omission,0.0,60.0,40.0,7721.0,7.721
2018,"2018 N source, timing and FYM trial",trial,Dang,Purandhara,28.18212368,82.09919116,,All maize,8,N0-P0-K0,soil_background,0.0,0.0,0.0,6252.0,6.252
2018,"2018 N source, timing and FYM trial",trial,Dang,Purandhara,28.19538209,82.10246547,,All maize,8,N0-P0-K0,soil_background,0.0,0.0,0.0,5520.0,5.52
2018,"2018 N source, timing and FYM trial",trial,Dang,Purandhara,28.18522037,82.09231658,,All maize,8,N0-P0-K0,soil_background,0.0,0.0,0.0,7191.0,7.191
2018,"2018 N source, timing and FYM trial",trial,Dang,Shantinagar,28.16893584,82.22765121,,All maize,7,N0-P60-K40,n_omission,0.0,60.0,40.0,5732.0,5.732
2018,"2018 N source, timing and FYM trial",trial,Dang,Shantinagar,28.15940193,82.22264654,,All maize,7,N0-P60-K40,n_omission,0.0,60.0,40.0,7295.0,7.295
2018,"2018 N source, timing and FYM trial",trial,Dang,Shantinagar,28.16830167,82.2261868,,All maize,7,N0-P60-K40,n_omission,0.0,60.0,40.0,6260.0,6.26
2018,"2018 N source, timing and FYM trial",trial,Dang,Shantinagar,28.16910721,82.22765582,,All maize,8,N0-P0-K0,soil_background,0.0,0.0,0.0,5553.0,5.553
2018,"2018 N source, timing and FYM trial",trial,Dang,Shantinagar,28.15941651,82.22264838,,All maize,8,N0-P0-K0,soil_background,0.0,0.0,0.0,5951.0,5.951
2018,"2018 N source, timing and FYM trial",trial,Dang,Shantinagar,28.16827996,82.22616342,,All maize,8,N0-P0-K0,soil_background,0.0,0.0,0.0,6091.0,6.091
2018,"2018 N source, timing and FYM trial",trial,Doti,Chattiwan,29.08328866,80.59333696,,All maize,7,N0-P60-K40,n_omission,0.0,60.0,40.0,6237.0,6.237
2018,"2018 N source, timing and FYM trial",trial,Doti,Chattiwan,29.08355296,80.59553985,,All maize,7,N0-P60-K40,n_omission,0.0,60.0,40.0,5395.0,5.395
2018,"2018 N source, timing and FYM trial",trial,Doti,Chattiwan,29.0795114,80.59146346,,All maize,7,N0-P60-K40,n_omission,0.0,60.0,40.0,5052.0,5.052
2018,"2018 N source, timing and FYM trial",trial,Doti,Chattiwan,29.08326987,80.59331328,,All maize,8,N0-P0-K0,soil_background,0.0,0.0,0.0,4924.0,4.924
2018,"2018 N source, timing and FYM trial",trial,Doti,Chattiwan,29.08356178,80.5955264,,All maize,8,N0-P0-K0,soil_background,0.0,0.0,0.0,7720.0,7.72
2018,"2018 N source, timing and FYM trial",trial,Doti,Chattiwan,29.07951102,80.59145253,,All maize,8,N0-P0-K0,soil_background,0.0,0.0,0.0,4434.0,4.434
2018,"2018 N source, timing and FYM trial",trial,Doti,Ghantesori,29.14441114,80.60188293,,All maize,7,N0-P60-K40,n_omission,0.0,60.0,40.0,7286.0,7.286
2018,"2018 N source, timing and FYM trial",trial,Doti,Ghantesori,29.14405423,80.60298751,,All maize,7,N0-P60-K40,n_omission,0.0,60.0,40.0,8713.0,8.713
2018,"2018 N source, timing and FYM trial",trial,Doti,Ghantesori,29.14430126,80.60540403,,All maize,7,N0-P60-K40,n_omission,0.0,60.0,40.0,7937.0,7.937
2018,"2018 N source, timing and FYM trial",trial,Doti,Ghantesori,29.14446111,80.6017681,,All maize,8,N0-P0-K0,soil_background,0.0,0.0,0.0,5327.0,5.327
2018,"2018 N source, timing and FYM trial",trial,Doti,Ghantesori,29.14404606,80.60298644,,All maize,8,N0-P0-K0,soil_background,0.0,0.0,0.0,7720.0,7.72
2018,"2018 N source, timing and FYM trial",trial,Doti,Ghantesori,29.14428681,80.60539869,,All maize,8,N0-P0-K0,soil_background,0.0,0.0,0.0,5395.0,5.395
2018,"2018 N source, timing and FYM trial",trial,Kavre,Anekot,27.65010726,85.59363155,,All maize,7,N0-P60-K40,n_omission,0.0,60.0,40.0,2276.0,2.276
2018,"2018 N source, timing and FYM trial",trial,Kavre,Anekot,27.67004188,85.58090516,,All maize,7,N0-P60-K40,n_omission,0.0,60.0,40.0,5632.0,5.632
2018,"2018 N source, timing and FYM trial",trial,Kavre,Anekot,27.66162987,85.5949651,,All maize,7,N0-P60-K40,n_omission,0.0,60.0,40.0,7081.0,7.081
2018,"2018 N source, timing and FYM trial",trial,Kavre,Anekot,27.65010811,85.59363108,,All maize,8,N0-P0-K0,soil_background,0.0,0.0,0.0,3517.0,3.517
2018,"2018 N source, timing and FYM trial",trial,Kavre,Anekot,27.67011176,85.58107345,,All maize,8,N0-P0-K0,soil_background,0.0,0.0,0.0,4775.0,4.775
2018,"2018 N source, timing and FYM trial",trial,Kavre,Anekot,,,,All maize,8,N0-P0-K0,soil_background,0.0,0.0,0.0,4727.0,4.727
2018,"2018 N source, timing and FYM trial",trial,Kavre,Bhakundebesi,27.56066755,85.66487803,,All maize,7,N0-P60-K40,n_omission,0.0,60.0,40.0,7390.0,7.39
2018,"2018 N source, timing and FYM trial",trial,Kavre,Bhakundebesi,27.55468903,85.66737718,,All maize,7,N0-P60-K40,n_omission,0.0,60.0,40.0,8486.0,8.486
2018,"2018 N source, timing and FYM trial",trial,Kavre,Bhakundebesi,27.55876872,85.66634087,,All maize,7,N0-P60-K40,n_omission,0.0,60.0,40.0,8053.0,8.053
2018,"2018 N source, timing and FYM trial",trial,Kavre,Bhakundebesi,27.56058799,85.66485975,,All maize,8,N0-P0-K0,soil_background,0.0,0.0,0.0,6784.0,6.784
2018,"2018 N source, timing and FYM trial",trial,Kavre,Bhakundebesi,27.55455024,85.66750406,,All maize,8,N0-P0-K0,soil_background,0.0,0.0,0.0,6586.0,6.586
2018,"2018 N source, timing and FYM trial",trial,Kavre,Bhakundebesi,27.55877039,85.66634072,,All maize,8,N0-P0-K0,soil_background,0.0,0.0,0.0,6460.0,6.46
2018,"2018 N source, timing and FYM trial",trial,Kavre,Rabiopi,27.64561833,85.554632,,All maize,7,N0-P60-K40,n_omission,0.0,60.0,40.0,8678.0,8.678
2018,"2018 N source, timing and FYM trial",trial,Kavre,Rabiopi,27.64699402,85.5623446,,All maize,7,N0-P60-K40,n_omission,0.0,60.0,40.0,8750.0,8.75
2018,"2018 N source, timing and FYM trial",trial,Kavre,Rabiopi,27.65016183,85.57668644,,All maize,7,N0-P60-K40,n_omission,0.0,60.0,40.0,9489.0,9.489
2018,"2018 N source, timing and FYM trial",trial,Kavre,Rabiopi,27.64560389,85.55464565,,All maize,8,N0-P0-K0,soil_background,0.0,0.0,0.0,6119.0,6.119
2018,"2018 N source, timing and FYM trial",trial,Kavre,Rabiopi,27.64701915,85.56237879,,All maize,8,N0-P0-K0,soil_background,0.0,0.0,0.0,7000.0,7.0
2018,"2018 N source, timing and FYM trial",trial,Kavre,Rabiopi,27.65015802,85.57668921,,All maize,8,N0-P0-K0,soil_background,0.0,0.0,0.0,6789.0,6.789
2018,"2018 N source, timing and FYM trial",trial,Palpa,Chidipani,,,,All maize,7,N0-P60-K40,n_omission,0.0,60.0,40.0,4828.0,4.828
2018,"2018 N source, timing and FYM trial",trial,Palpa,Chidipani,,,,All maize,7,N0-P60-K40,n_omission,0.0,60.0,40.0,5713.0,5.713
2018,"2018 N source, timing and FYM trial",trial,Palpa,Chidipani,,,,All maize,8,N0-P0-K0,soil_background,0.0,0.0,0.0,3759.0,3.759
2018,"2018 N source, timing and FYM trial",trial,Palpa,Chidipani,,,,All maize,8,N0-P0-K0,soil_background,0.0,0.0,0.0,4510.0,4.51
2018,"2018 N source, timing and FYM trial",trial,Palpa,Devinagar,,,,All maize,7,N0-P60-K40,n_omission,0.0,60.0,40.0,6510.0,6.51
2018,"2018 N source, timing and FYM trial",trial,Palpa,Devinagar,,,,All maize,7,N0-P60-K40,n_omission,0.0,60.0,40.0,4749.0,4.749
2018,"2018 N source, timing and FYM trial",trial,Palpa,Devinagar,,,,All maize,7,N0-P60-K40,n_omission,0.0,60.0,40.0,5753.0,5.753
2018,"2018 N source, timing and FYM trial",trial,Palpa,Devinagar,,,,All maize,8,N0-P0-K0,soil_background,0.0,0.0,0.0,5097.0,5.097
2018,"2018 N source, timing and FYM trial",trial,Palpa,Devinagar,,,,All maize,8,N0-P0-K0,soil_background,0.0,0.0,0.0,4180.0,4.18
2018,"2018 N source, timing and FYM trial",trial,Palpa,Devinagar,,,,All maize,8,N0-P0-K0,soil_background,0.0,0.0,0.0,5124.0,5.124
2018,"2018 N source, timing and FYM trial",trial,Palpa,Khasyauli,,,,All maize,7,N0-P60-K40,n_omission,0.0,60.0,40.0,6292.0,6.292
2018,"2018 N source, timing and FYM trial",trial,Palpa,Khasyauli,,,,All maize,7,N0-P60-K40,n_omission,0.0,60.0,40.0,5032.0,5.032
2018,"2018 N source, timing and FYM trial",trial,Palpa,Khasyauli,,,,All maize,7,N0-P60-K40,n_omission,0.0,60.0,40.0,4725.0,4.725
2018,"2018 N source, timing and FYM trial",trial,Palpa,Khasyauli,,,,All maize,8,N0-P0-K0,soil_background,0.0,0.0,0.0,5030.0,5.03
2018,"2018 N source, timing and FYM trial",trial,Palpa,Khasyauli,,,,All maize,8,N0-P0-K0,soil_background,0.0,0.0,0.0,4455.0,4.455
2018,"2018 N source, timing and FYM trial",trial,Palpa,Khasyauli,,,,All maize,8,N0-P0-K0,soil_background,0.0,0.0,0.0,4341.0,4.341
2018,"2018 N source, timing and FYM trial",trial,Palpa,Madanpokhara,,,,All maize,7,N0-P60-K40,n_omission,0.0,60.0,40.0,5101.0,5.101
2018,"2018 N source, timing and FYM trial",trial,Palpa,Madanpokhara,,,,All maize,7,N0-P60-K40,n_omission,0.0,60.0,40.0,4117.0,4.117
2018,"2018 N source, timing and FYM trial",trial,Palpa,Madanpokhara,,,,All maize,7,N0-P60-K40,n_omission,0.0,60.0,40.0,5039.0,5.039
2018,"2018 N source, timing and FYM trial",trial,Palpa,Madanpokhara,,,,All maize,8,N0-P0-K0,soil_background,0.0,0.0,0.0,4906.0,4.906
2018,"2018 N source, timing and FYM trial",trial,Palpa,Madanpokhara,,,,All maize,8,N0-P0-K0,soil_background,0.0,0.0,0.0,3645.0,3.645
2018,"2018 N source, timing and FYM trial",trial,Palpa,Madanpokhara,,,,All maize,8,N0-P0-K0,soil_background,0.0,0.0,0.0,3981.0,3.981
2018,"2018 N source, timing and FYM trial",trial,Surkhet,Babiyachaur,28.80448905,81.39839078,,All maize,7,N0-P60-K40,n_omission,0.0,60.0,40.0,9504.0,9.504
2018,"2018 N source, timing and FYM trial",trial,Surkhet,Babiyachaur,28.8056378,81.40025781,,All maize,7,N0-P60-K40,n_omission,0.0,60.0,40.0,8566.0,8.566
2018,"2018 N source, timing and FYM trial",trial,Surkhet,Babiyachaur,28.80450175,81.399783,,All maize,7,N0-P60-K40,n_omission,0.0,60.0,40.0,8342.0,8.342
2018,"2018 N source, timing and FYM trial",trial,Surkhet,Babiyachaur,28.80448862,81.39839939,,All maize,8,N0-P0-K0,soil_background,0.0,0.0,0.0,7366.0,7.366
2018,"2018 N source, timing and FYM trial",trial,Surkhet,Babiyachaur,28.80563497,81.40025471,,All maize,8,N0-P0-K0,soil_background,0.0,0.0,0.0,6091.0,6.091
2018,"2018 N source, timing and FYM trial",trial,Surkhet,Babiyachaur,28.80448923,81.39977757,,All maize,8,N0-P0-K0,soil_background,0.0,0.0,0.0,7858.0,7.858
2018,"2018 N source, timing and FYM trial",trial,Surkhet,Gadhi,28.6406211,81.59206093,,All maize,7,N0-P60-K40,n_omission,0.0,60.0,40.0,6227.0,6.227
2018,"2018 N source, timing and FYM trial",trial,Surkhet,Gadhi,28.63693221,81.58270946,,All maize,7,N0-P60-K40,n_omission,0.0,60.0,40.0,8893.0,8.893
2018,"2018 N source, timing and FYM trial",trial,Surkhet,Gadhi,28.6412057,81.60433914,,All maize,7,N0-P60-K40,n_omission,0.0,60.0,40.0,6085.0,6.085
2018,"2018 N source, timing and FYM trial",trial,Surkhet,Gadhi,28.6406062,81.5920645,,All maize,8,N0-P0-K0,soil_background,0.0,0.0,0.0,5739.0,5.739
2018,"2018 N source, timing and FYM trial",trial,Surkhet,Gadhi,28.63693923,81.58270607,,All maize,8,N0-P0-K0,soil_background,0.0,0.0,0.0,5103.0,5.103
2018,"2018 N source, timing and FYM trial",trial,Surkhet,Gadhi,28.64121304,81.60432963,,All maize,8,N0-P0-K0,soil_background,0.0,0.0,0.0,6077.0,6.077
2018,"2018 N source, timing and FYM trial",trial,Surkhet,Guthu,28.83355033,81.3062491,,All maize,7,N0-P60-K40,n_omission,0.0,60.0,40.0,7191.0,7.191
2018,"2018 N source, timing and FYM trial",trial,Surkhet,Guthu,28.83355282,81.30625304,,All maize,8,N0-P0-K0,soil_background,0.0,0.0,0.0,5606.0,5.606
2018,"2018 N source, timing and FYM trial",trial,Surkhet,Kalyan,28.50409123,81.73589973,,All maize,7,N0-P60-K40,n_omission,0.0,60.0,40.0,6701.0,6.701
2018,"2018 N source, timing and FYM trial",trial,Surkhet,Kalyan,28.50844784,81.72646918,,All maize,7,N0-P60-K40,n_omission,0.0,60.0,40.0,6834.0,6.834
2018,"2018 N source, timing and FYM trial",trial,Surkhet,Kalyan,28.5020624,81.74803725,,All maize,7,N0-P60-K40,n_omission,0.0,60.0,40.0,9082.0,9.082
2018,"2018 N source, timing and FYM trial",trial,Surkhet,Kalyan,28.50407675,81.73590332,,All maize,8,N0-P0-K0,soil_background,0.0,0.0,0.0,6260.0,6.26
2018,"2018 N source, timing and FYM trial",trial,Surkhet,Kalyan,28.50843152,81.72644885,,All maize,8,N0-P0-K0,soil_background,0.0,0.0,0.0,6541.0,6.541
2018,"2018 N source, timing and FYM trial",trial,Surkhet,Kalyan,28.50208136,81.74801401,,All maize,8,N0-P0-K0,soil_background,0.0,0.0,0.0,8197.0,8.197
2018,"2018 N source, timing and FYM trial",trial,Surkhet,Kunathari,28.71710327,81.51120466,,All maize,7,N0-P60-K40,n_omission,0.0,60.0,40.0,7868.0,7.868
2018,"2018 N source, timing and FYM trial",trial,Surkhet,Kunathari,28.71306882,81.50799825,,All maize,7,N0-P60-K40,n_omission,0.0,60.0,40.0,7825.0,7.825
2018,"2018 N source, timing and FYM trial",trial,Surkhet,Kunathari,28.70865621,81.51219817,,All maize,7,N0-P60-K40,n_omission,0.0,60.0,40.0,8019.0,8.019
2018,"2018 N source, timing and FYM trial",trial,Surkhet,Kunathari,28.71708589,81.51117943,,All maize,8,N0-P0-K0,soil_background,0.0,0.0,0.0,5951.0,5.951
2018,"2018 N source, timing and FYM trial",trial,Surkhet,Kunathari,28.71305566,81.50806219,,All maize,8,N0-P0-K0,soil_background,0.0,0.0,0.0,7105.0,7.105
2018,"2018 N source, timing and FYM trial",trial,Surkhet,Kunathari,28.70859683,81.51205312,,All maize,8,N0-P0-K0,soil_background,0.0,0.0,0.0,6102.0,6.102
2018,"2018 N source, timing and FYM trial",trial,Surkhet,Lekhpharsa,28.46665265,81.80203456,,All maize,7,N0-P60-K40,n_omission,0.0,60.0,40.0,9065.0,9.065
2018,"2018 N source, timing and FYM trial",trial,Surkhet,Lekhpharsa,28.45894994,81.78541155,,All maize,7,N0-P60-K40,n_omission,0.0,60.0,40.0,8862.0,8.862
2018,"2018 N source, timing and FYM trial",trial,Surkhet,Lekhpharsa,28.46931431,81.79762081,,All maize,7,N0-P60-K40,n_omission,0.0,60.0,40.0,6704.0,6.704
2018,"2018 N source, timing and FYM trial",trial,Surkhet,Lekhpharsa,28.46666504,81.80203798,,All maize,8,N0-P0-K0,soil_background,0.0,0.0,0.0,7278.0,7.278
2018,"2018 N source, timing and FYM trial",trial,Surkhet,Lekhpharsa,28.458972,81.78546624,,All maize,8,N0-P0-K0,soil_background,0.0,0.0,0.0,6673.0,6.673
2018,"2018 N source, timing and FYM trial",trial,Surkhet,Lekhpharsa,28.46930445,81.79762411,,All maize,8,N0-P0-K0,soil_background,0.0,0.0,0.0,4251.0,4.251
2018,"2018 N source, timing and FYM trial",trial,Surkhet,Maintada-1,28.43692502,81.7999257,,All maize,7,N0-P60-K40,n_omission,0.0,60.0,40.0,7173.0,7.173
2018,"2018 N source, timing and FYM trial",trial,Surkhet,Maintada-1,28.449255,81.79295056,,All maize,7,N0-P60-K40,n_omission,0.0,60.0,40.0,7207.0,7.207
2018,"2018 N source, timing and FYM trial",trial,Surkhet,Maintada-1,28.43690916,81.80009407,,All maize,8,N0-P0-K0,soil_background,0.0,0.0,0.0,8037.0,8.037
2018,"2018 N source, timing and FYM trial",trial,Surkhet,Maintada-1,28.44924491,81.79294438,,All maize,8,N0-P0-K0,soil_background,0.0,0.0,0.0,6408.0,6.408
2018,"2018 N source, timing and FYM trial",trial,Surkhet,Maintada-2,28.41949354,81.79053942,,All maize,7,N0-P60-K40,n_omission,0.0,60.0,40.0,6366.0,6.366
2018,"2018 N source, timing and FYM trial",trial,Surkhet,Maintada-2,28.42833879,81.80326607,,All maize,7,N0-P60-K40,n_omission,0.0,60.0,40.0,5606.0,5.606
2018,"2018 N source, timing and FYM trial",trial,Surkhet,Maintada-2,28.41951416,81.79047363,,All maize,8,N0-P0-K0,soil_background,0.0,0.0,0.0,6116.0,6.116
2018,"2018 N source, timing and FYM trial",trial,Surkhet,Maintada-2,28.42833446,81.80325811,,All maize,8,N0-P0-K0,soil_background,0.0,0.0,0.0,5607.0,5.607
2018,"2018 N source, timing and FYM trial",trial,Surkhet,Maintada-7,28.44627709,81.81803668,,All maize,7,N0-P60-K40,n_omission,0.0,60.0,40.0,6551.0,6.551
2018,"2018 N source, timing and FYM trial",trial,Surkhet,Maintada-8,28.43198979,81.80341761,,All maize,7,N0-P60-K40,n_omission,0.0,60.0,40.0,8593.0,8.593
2018,"2018 N source, timing and FYM trial",trial,Surkhet,Maintada-8,28.44624253,81.81802132,,All maize,8,N0-P0-K0,soil_background,0.0,0.0,0.0,6202.0,6.202
2018,"2018 N source, timing and FYM trial",trial,Surkhet,Maintada-9,28.43196607,81.80337762,,All maize,8,N0-P0-K0,soil_background,0.0,0.0,0.0,7539.0,7.539
2018,"2018 N source, timing and FYM trial",trial,Surkhet,Ramghat,28.48771163,81.73949259,,All maize,7,N0-P60-K40,n_omission,0.0,60.0,40.0,7922.0,7.922
2018,"2018 N source, timing and FYM trial",trial,Surkhet,Ramghat,28.48759359,81.74483701,,All maize,7,N0-P60-K40,n_omission,0.0,60.0,40.0,8530.0,8.53
2018,"2018 N source, timing and FYM trial",trial,Surkhet,Ramghat,28.49009298,81.74304654,,All maize,7,N0-P60-K40,n_omission,0.0,60.0,40.0,7379.0,7.379
2018,"2018 N source, timing and FYM trial",trial,Surkhet,Ramghat,28.48771316,81.73949597,,All maize,8,N0-P0-K0,soil_background,0.0,0.0,0.0,6388.0,6.388
2018,"2018 N source, timing and FYM trial",trial,Surkhet,Ramghat,28.48760256,81.74483375,,All maize,8,N0-P0-K0,soil_background,0.0,0.0,0.0,7545.0,7.545
2018,"2018 N source, timing and FYM trial",trial,Surkhet,Ramghat,28.49008993,81.74304734,,All maize,8,N0-P0-K0,soil_background,0.0,0.0,0.0,6315.0,6.315
2019,2019 T1-T10 core trial,trial,Dang,Dhikpur,28.027227194979787,82.3704420402646,All maize,All maize,T1,N0-P0-K0,soil_background,0.0,0.0,0.0,5030.0,5.03
2019,2019 T1-T10 core trial,trial,Dang,Dhikpur,28.053381540812552,82.37643694505095,All maize,All maize,T1,N0-P0-K0,soil_background,0.0,0.0,0.0,6060.0,6.06
2019,2019 T1-T10 core trial,trial,Dang,Dhikpur,28.02741285413504,82.37051856704056,All maize,All maize,T2,N0-P60-K40,n_omission,0.0,60.0,40.0,5666.0,5.666
2019,2019 T1-T10 core trial,trial,Dang,Dhikpur,28.05342990439385,82.37639226950705,All maize,All maize,T2,N0-P60-K40,n_omission,0.0,60.0,40.0,8464.0,8.464
2019,2019 T1-T10 core trial,trial,Dang,Laxmipur,27.97621116042137,82.46378995478153,All maize,All maize,T1,N0-P0-K0,soil_background,0.0,0.0,0.0,6250.0,6.25
2019,2019 T1-T10 core trial,trial,Dang,Laxmipur,27.98073340673,82.46873075142503,All maize,All maize,T1,N0-P0-K0,soil_background,0.0,0.0,0.0,5502.0,5.502
2019,2019 T1-T10 core trial,trial,Dang,Laxmipur,27.97619762364775,82.4638696666807,All maize,All maize,T2,N0-P60-K40,n_omission,0.0,60.0,40.0,9664.0,9.664
2019,2019 T1-T10 core trial,trial,Dang,Laxmipur,27.980776615440845,82.46860351413488,All maize,All maize,T2,N0-P60-K40,n_omission,0.0,60.0,40.0,7175.0,7.175
2019,2019 T1-T10 core trial,trial,Dang,Panchakule,28.133885068818927,82.11858672089875,All maize,All maize,T1,N0-P0-K0,soil_background,0.0,0.0,0.0,6280.0,6.28
2019,2019 T1-T10 core trial,trial,Dang,Panchakule,28.13387635163963,82.11869300343096,All maize,All maize,T2,N0-P60-K40,n_omission,0.0,60.0,40.0,6709.0,6.709
2019,2019 T1-T10 core trial,trial,Dang,Panchakule,28.134833313524723,82.1229044906795,All maize,All maize,T2,N0-P60-K40,n_omission,0.0,60.0,40.0,10569.0,10.569
2019,2019 T1-T10 core trial,trial,Dang,Shantinagar,28.157768421806395,82.22700856626034,All maize,All maize,T1,N0-P0-K0,soil_background,0.0,0.0,0.0,5979.0,5.979
2019,2019 T1-T10 core trial,trial,Dang,Shantinagar,28.17370459903032,82.22814749926329,All maize,All maize,T1,N0-P0-K0,soil_background,0.0,0.0,0.0,5499.0,5.499
2019,2019 T1-T10 core trial,trial,Dang,Shantinagar,28.157743820920587,82.22711727954447,All maize,All maize,T2,N0-P60-K40,n_omission,0.0,60.0,40.0,8250.0,8.25
2019,2019 T1-T10 core trial,trial,Dang,Shantinagar,28.1738012842834,82.22801079042256,All maize,All maize,T2,N0-P60-K40,n_omission,0.0,60.0,40.0,6509.0,6.509
2019,2019 T1-T10 core trial,trial,Dang,Shreegau,28.112202384509143,82.18938488513231,All maize,All maize,T1,N0-P0-K0,soil_background,0.0,0.0,0.0,4486.0,4.486
2019,2019 T1-T10 core trial,trial,Dang,Shreegau,28.10725006274879,82.1829616650939,All maize,All maize,T1,N0-P0-K0,soil_background,0.0,0.0,0.0,4690.0,4.69
2019,2019 T1-T10 core trial,trial,Dang,Shreegau,28.111956124193966,82.18922034837306,All maize,All maize,T2,N0-P60-K40,n_omission,0.0,60.0,40.0,6697.0,6.697
2019,2019 T1-T10 core trial,trial,Dang,Shreegau,28.107286524027582,82.18289016745985,All maize,All maize,T2,N0-P60-K40,n_omission,0.0,60.0,40.0,5839.0,5.839
2019,2019 T1-T10 core trial,trial,Doti,Chhatiwan,29.08019632101059,80.59007694013417,All maize,All maize,T1,N0-P0-K0,soil_background,0.0,0.0,0.0,6923.0,6.923
2019,2019 T1-T10 core trial,trial,Doti,Chhatiwan,29.081268492154777,80.59117102995515,All maize,All maize,T1,N0-P0-K0,soil_background,0.0,0.0,0.0,6815.68,6.81568
2019,2019 T1-T10 core trial,trial,Doti,Chhatiwan,29.080195231363177,80.59006621129811,All maize,All maize,T2,N0-P60-K40,n_omission,0.0,60.0,40.0,8741.0,8.741
2019,2019 T1-T10 core trial,trial,Doti,Chhatiwan,29.08129904419184,80.59114772826433,All maize,All maize,T2,N0-P60-K40,n_omission,0.0,60.0,40.0,7647.33,7.64733
2019,2019 T1-T10 core trial,trial,Doti,Dipayal,29.254670538939536,80.93258094973862,All maize,All maize,T1,N0-P0-K0,soil_background,0.0,0.0,0.0,6523.0,6.523
2019,2019 T1-T10 core trial,trial,Doti,Dipayal,29.25473981536925,80.93242982402444,All maize,All maize,T1,N0-P0-K0,soil_background,0.0,0.0,0.0,8115.86,8.11586
2019,2019 T1-T10 core trial,trial,Doti,Dipayal,29.25459753256291,80.93237995170057,All maize,All maize,T2,N0-P60-K40,n_omission,0.0,60.0,40.0,7649.88,7.6498800000000005
2019,2019 T1-T10 core trial,trial,Doti,Dipayal,29.25473872572184,80.93260710127652,All maize,All maize,T2,N0-P60-K40,n_omission,0.0,60.0,40.0,9566.44,9.56644
2019,2019 T1-T10 core trial,trial,Doti,Dipayal,29.254757626913488,80.93254138715565,All maize,All maize,T2,N0-P60-K40,n_omission,0.0,60.0,40.0,8998.78,8.99878
2019,2019 T1-T10 core trial,trial,Doti,Ghanteshwor,29.11762692499906,80.59968645684421,All maize,All maize,T1,N0-P0-K0,soil_background,0.0,0.0,0.0,8141.0,8.141
2019,2019 T1-T10 core trial,trial,Doti,Ghanteshwor,29.12973345257342,80.57958221063018,All maize,All maize,T1,N0-P0-K0,soil_background,0.0,0.0,0.0,6505.0,6.505
2019,2019 T1-T10 core trial,trial,Doti,Ghanteshwor,29.12357355002314,80.57457234710455,All maize,All maize,T1,N0-P0-K0,soil_background,0.0,0.0,0.0,7333.0,7.333
2019,2019 T1-T10 core trial,trial,Doti,Ghanteshwor,29.125495604239404,80.57586953043938,All maize,All maize,T1,N0-P0-K0,soil_background,0.0,0.0,0.0,6423.0,6.423
2019,2019 T1-T10 core trial,trial,Doti,Ghanteshwor,29.124924377538264,80.57595460675657,All maize,All maize,T1,N0-P0-K0,soil_background,0.0,0.0,0.0,7733.0,7.733
2019,2019 T1-T10 core trial,trial,Doti,Ghanteshwor,29.11754821892828,80.59964127838612,All maize,All maize,T2,N0-P60-K40,n_omission,0.0,60.0,40.0,10564.0,10.564
2019,2019 T1-T10 core trial,trial,Doti,Ghanteshwor,29.12963810842484,80.57974104769528,All maize,All maize,T2,N0-P60-K40,n_omission,0.0,60.0,40.0,7656.0,7.656
2019,2019 T1-T10 core trial,trial,Doti,Ghanteshwor,29.12406644783914,80.57480745948851,All maize,All maize,T2,N0-P60-K40,n_omission,0.0,60.0,40.0,8658.0,8.658
2019,2019 T1-T10 core trial,trial,Doti,Ghanteshwor,29.12549153901637,80.57578621432185,All maize,All maize,T2,N0-P60-K40,n_omission,0.0,60.0,40.0,7215.0,7.215
2019,2019 T1-T10 core trial,trial,Doti,Ghanteshwor,29.124933471903205,80.57591051794589,All maize,All maize,T2,N0-P60-K40,n_omission,0.0,60.0,40.0,8070.0,8.07
2019,2019 T1-T10 core trial,trial,Kavre,Bhakundebesi,,,All maize,All maize,T1,N0-P0-K0,soil_background,0.0,0.0,0.0,3172.093,3.172093
2019,2019 T1-T10 core trial,trial,Kavre,Bhakundebesi,27.55687133409083,85.66755250096321,All maize,All maize,T1,N0-P0-K0,soil_background,0.0,0.0,0.0,2681.421,2.681421
2019,2019 T1-T10 core trial,trial,Kavre,Bhakundebesi,,,All maize,All maize,T2,N0-P60-K40,n_omission,0.0,60.0,40.0,4862.79,4.86279
2019,2019 T1-T10 core trial,trial,Kavre,Bhakundebesi,27.556984783150256,85.66748678684235,All maize,All maize,T2,N0-P60-K40,n_omission,0.0,60.0,40.0,4152.733,4.1527330000000005
2019,2019 T1-T10 core trial,trial,Kavre,Rabiopi,27.65032968018204,85.57625262066722,All maize,All maize,T1,N0-P0-K0,soil_background,0.0,0.0,0.0,3415.116,3.415116
2019,2019 T1-T10 core trial,trial,Kavre,Rabiopi,,,All maize,All maize,T1,N0-P0-K0,soil_background,0.0,0.0,0.0,3197.67,3.19767
2019,2019 T1-T10 core trial,trial,Kavre,Rabiopi,,,All maize,All maize,T1,N0-P0-K0,soil_background,0.0,0.0,0.0,3197.674,3.197674
2019,2019 T1-T10 core trial,trial,Kavre,Rabiopi,,,All maize,All maize,T1,N0-P0-K0,soil_background,0.0,0.0,0.0,3560.078,3.560078
2019,2019 T1-T10 core trial,trial,Kavre,Rabiopi,27.650303319096565,85.57623107917607,All maize,All maize,T2,N0-P60-K40,n_omission,0.0,60.0,40.0,3893.023,3.8930230000000003
2019,2019 T1-T10 core trial,trial,Kavre,Rabiopi,,,All maize,All maize,T2,N0-P60-K40,n_omission,0.0,60.0,40.0,3543.02,3.54302
2019,2019 T1-T10 core trial,trial,Kavre,Rabiopi,,,All maize,All maize,T2,N0-P60-K40,n_omission,0.0,60.0,40.0,3543.023,3.5430230000000003
2019,2019 T1-T10 core trial,trial,Kavre,Rabiopi,,,All maize,All maize,T2,N0-P60-K40,n_omission,0.0,60.0,40.0,4162.016,4.1620159999999995
2019,2019 T1-T10 core trial,trial,Makwanpur,Radha Tiwari,,,All maize,All maize,T1,N0-P0-K0,soil_background,0.0,0.0,0.0,2742.32,2.7423200000000003
2019,2019 T1-T10 core trial,trial,Makwanpur,Radha Tiwari,,,All maize,All maize,T2,N0-P60-K40,n_omission,0.0,60.0,40.0,4570.54,4.57054
2019,2019 T1-T10 core trial,trial,Nuwakot,Dip Acharya,27.88490277249366,85.15011859126389,All maize,All maize,T1,N0-P0-K0,soil_background,0.0,0.0,0.0,6008.915,6.008915
2019,2019 T1-T10 core trial,trial,Nuwakot,Dip Acharya,27.88494376000017,85.15008791349828,All maize,All maize,T2,N0-P60-K40,n_omission,0.0,60.0,40.0,8418.527,8.418527
2019,2019 T1-T10 core trial,trial,Nuwakot,Ramchandra Acharya,27.88436595350504,85.15049275942147,All maize,All maize,T1,N0-P0-K0,soil_background,0.0,0.0,0.0,1620.814,1.620814
2019,2019 T1-T10 core trial,trial,Nuwakot,Ramchandra Acharya,27.884327019564807,85.15047105029225,All maize,All maize,T2,N0-P60-K40,n_omission,0.0,60.0,40.0,1773.721,1.773721
2019,2019 T1-T10 core trial,trial,Palpa,Chidi pani,27.845119703561068,83.63194227218628,All maize,All maize,T1,N0-P0-K0,soil_background,0.0,0.0,0.0,8080.0,8.08
2019,2019 T1-T10 core trial,trial,Palpa,Chidi pani,27.88846591953188,83.46477535553277,All maize,All maize,T1,N0-P0-K0,soil_background,0.0,0.0,0.0,8018.818182,8.018818182
2019,2019 T1-T10 core trial,trial,Palpa,Chidi pani,27.84515746403485,83.63199164159596,All maize,All maize,T2,N0-P60-K40,n_omission,0.0,60.0,40.0,8679.0,8.679
2019,2019 T1-T10 core trial,trial,Palpa,Chidi pani,27.88851055316627,83.46478004939854,All maize,All maize,T2,N0-P60-K40,n_omission,0.0,60.0,40.0,520.0,0.52
2019,2019 T1-T10 core trial,trial,Palpa,Devinagar,27.808234803378586,83.69885492138565,All maize,All maize,T1,N0-P0-K0,soil_background,0.0,0.0,0.0,4836.30303,4.83630303
2019,2019 T1-T10 core trial,trial,Palpa,Devinagar,27.81032185535878,83.69493051432073,All maize,All maize,T1,N0-P0-K0,soil_background,0.0,0.0,0.0,6483.852273,6.483852273
2019,2019 T1-T10 core trial,trial,Palpa,Devinagar,27.808432239107788,83.69881502352655,All maize,All maize,T2,N0-P60-K40,n_omission,0.0,60.0,40.0,6416.780303,6.4167803029999995
2019,2019 T1-T10 core trial,trial,Palpa,Devinagar,27.81038052868098,83.69500033557415,All maize,All maize,T2,N0-P60-K40,n_omission,0.0,60.0,40.0,8968.295455,8.968295455
2019,2019 T1-T10 core trial,trial,Palpa,Khasyauli,,,All maize,All maize,T1,N0-P0-K0,soil_background,0.0,0.0,0.0,5869.181818,5.869181818
2019,2019 T1-T10 core trial,trial,Palpa,Khasyauli,27.884576926007867,83.47849837504327,All maize,All maize,T1,N0-P0-K0,soil_background,0.0,0.0,0.0,5869.181818,5.869181818
2019,2019 T1-T10 core trial,trial,Palpa,Khasyauli,,,All maize,All maize,T2,N0-P60-K40,n_omission,0.0,60.0,40.0,5015.151515,5.0151515149999994
2019,2019 T1-T10 core trial,trial,Palpa,Khasyauli,27.884704833850265,83.47849292680621,All maize,All maize,T2,N0-P60-K40,n_omission,0.0,60.0,40.0,5015.1515,5.0151515
2019,2019 T1-T10 core trial,trial,Salyan,Jhuplal gharti,28.21787660010159,82.38465665839612,All maize,All maize,T1,N0-P0-K0,soil_background,0.0,0.0,0.0,6973.0,6.973
2019,2019 T1-T10 core trial,trial,Salyan,Jhuplal gharti,28.217884353362024,82.38481851294637,All maize,All maize,T2,N0-P60-K40,n_omission,0.0,60.0,40.0,9213.0,9.213
2019,2019 T1-T10 core trial,trial,Salyan,Sharadha sharma,28.22917909361422,82.35295621678233,All maize,All maize,T2,N0-P60-K40,n_omission,0.0,60.0,40.0,13129.0,13.129
2019,2019 T1-T10 core trial,trial,Surkhet,Babiyachaur,28.805238464847207,81.40049868263304,All maize,All maize,T2,N0-P60-K40,n_omission,0.0,60.0,40.0,9925.28,9.92528
2019,2019 T1-T10 core trial,trial,Surkhet,Babiyachaur,28.80516172852367,81.39931633137167,All maize,All maize,T2,N0-P60-K40,n_omission,0.0,60.0,40.0,10051.36,10.05136
2019,2019 T1-T10 core trial,trial,Surkhet,Kalyan,28.504110923968256,81.73823112621903,All maize,All maize,T1,N0-P0-K0,soil_background,0.0,0.0,0.0,6816.0,6.816
2019,2019 T1-T10 core trial,trial,Surkhet,Kalyan,28.498787744902074,81.74570887349546,All maize,All maize,T1,N0-P0-K0,soil_background,0.0,0.0,0.0,7138.0,7.138
2019,2019 T1-T10 core trial,trial,Surkhet,Kalyan,28.504104427993298,81.7382484767586,All maize,All maize,T2,N0-P60-K40,n_omission,0.0,60.0,40.0,7082.0,7.082
2019,2019 T1-T10 core trial,trial,Surkhet,Kalyan,28.498787409625947,81.74572127871215,All maize,All maize,T2,N0-P60-K40,n_omission,0.0,60.0,40.0,8648.0,8.648
2019,2019 T1-T10 core trial,trial,Surkhet,Kunathari,28.71532666962593,81.50968914851546,All maize,All maize,T1,N0-P0-K0,soil_background,0.0,0.0,0.0,6278.0,6.278
2019,2019 T1-T10 core trial,trial,Surkhet,Kunathari,28.71321028098464,81.50711867026985,All maize,All maize,T1,N0-P0-K0,soil_background,0.0,0.0,0.0,7148.0,7.148
2019,2019 T1-T10 core trial,trial,Surkhet,Kunathari,28.71532189194113,81.50969065725803,All maize,All maize,T2,N0-P60-K40,n_omission,0.0,60.0,40.0,6736.0,6.736
2019,2019 T1-T10 core trial,trial,Surkhet,Kunathari,28.713134760037065,81.5071140602231,All maize,All maize,T2,N0-P60-K40,n_omission,0.0,60.0,40.0,8005.0,8.005
2019,2019 T1-T10 core trial,trial,Surkhet,Lekhpharsa,28.462252663448453,81.78157168440521,All maize,All maize,T1,N0-P0-K0,soil_background,0.0,0.0,0.0,6659.0,6.659
2019,2019 T1-T10 core trial,trial,Surkhet,Lekhpharsa,28.467979137785733,81.79958498105407,All maize,All maize,T1,N0-P0-K0,soil_background,0.0,0.0,0.0,5270.0,5.27
2019,2019 T1-T10 core trial,trial,Surkhet,Lekhpharsa,28.46216880250722,81.78147537633777,All maize,All maize,T2,N0-P60-K40,n_omission,0.0,60.0,40.0,8260.0,8.26
2019,2019 T1-T10 core trial,trial,Surkhet,Lekhpharsa,28.467982490547,81.79963166825473,All maize,All maize,T2,N0-P60-K40,n_omission,0.0,60.0,40.0,6293.0,6.293
2019,2019 T1-T10 core trial,trial,Surkhet,Maintada-2,28.448478640057147,81.79668023250997,All maize,All maize,T1,N0-P0-K0,soil_background,0.0,0.0,0.0,4447.0,4.447
2019,2019 T1-T10 core trial,trial,Surkhet,Maintada-2,28.44709855969996,81.79615627974272,All maize,All maize,T1,N0-P0-K0,soil_background,0.0,0.0,0.0,4688.0,4.688
2019,2019 T1-T10 core trial,trial,Surkhet,Maintada-2,28.44847763422877,81.79668501019478,All maize,All maize,T2,N0-P60-K40,n_omission,0.0,60.0,40.0,5635.0,5.635
2019,2019 T1-T10 core trial,trial,Surkhet,Maintada-2,28.4470796585083,81.7961414437741,All maize,All maize,T2,N0-P60-K40,n_omission,0.0,60.0,40.0,4639.0,4.639
2019,2019 T1-T10 core trial,trial,Surkhet,Ramghat,28.488185559399422,81.7456082906574,All maize,All maize,T1,N0-P0-K0,soil_background,0.0,0.0,0.0,6244.0,6.244
2019,2019 T1-T10 core trial,trial,Surkhet,Ramghat,28.488267324864864,81.74409845843911,All maize,All maize,T1,N0-P0-K0,soil_background,0.0,0.0,0.0,3376.0,3.376
2019,2019 T1-T10 core trial,trial,Surkhet,Ramghat,28.492348263971508,81.74318784847856,All maize,All maize,T1,N0-P0-K0,soil_background,0.0,0.0,0.0,3458.0,3.458
2019,2019 T1-T10 core trial,trial,Surkhet,Ramghat,28.488538186065853,81.74532640725374,All maize,All maize,T1,N0-P0-K0,soil_background,0.0,0.0,0.0,6216.0,6.216
2019,2019 T1-T10 core trial,trial,Surkhet,Ramghat,28.492390592582524,81.7429508920759,All maize,All maize,T1,N0-P0-K0,soil_background,0.0,0.0,0.0,8285.0,8.285
2019,2019 T1-T10 core trial,trial,Surkhet,Ramghat,28.48810940980912,81.74563670530915,All maize,All maize,T2,N0-P60-K40,n_omission,0.0,60.0,40.0,7885.0,7.885
2019,2019 T1-T10 core trial,trial,Surkhet,Ramghat,28.488227846100926,81.7440785933286,All maize,All maize,T2,N0-P60-K40,n_omission,0.0,60.0,40.0,7007.0,7.007
2019,2019 T1-T10 core trial,trial,Surkhet,Ramghat,28.492406769655645,81.74315012991428,All maize,All maize,T2,N0-P60-K40,n_omission,0.0,60.0,40.0,6279.0,6.279
2019,2019 T1-T10 core trial,trial,Surkhet,Ramghat,28.488590279594064,81.74529841169715,All maize,All maize,T2,N0-P60-K40,n_omission,0.0,60.0,40.0,8937.0,8.937
2019,2019 T1-T10 core trial,trial,Surkhet,Ramghat,28.49240509327501,81.74295701086521,All maize,All maize,T2,N0-P60-K40,n_omission,0.0,60.0,40.0,10931.0,10.931
